Heat Score,Lead Score,Tier,Priority,Org Name,Taxonomy / Type,NPI,City,State,ZIP,Phone,Known Contact,Known Contact Title,Known Contact LinkedIn,Backup Person,Backup Person Title,Backup Person LinkedIn,Employee LinkedIn 1,Employee LinkedIn 2,Employee LinkedIn 3,Company LinkedIn,Company People Search,Notes,Tags
122,82,A,High,A TOX LABORATORY LLC,Clinical Medical Laboratory,1689186231,CHERRY HILL,NJ,080032144,,,,,,,,,,,,https://www.bing.com/search?q=%22A%20TOX%22%20site%3Alinkedin.com/company%20people%20employees,Tier A | RuleScore 82 | Lab Type: Clinical Medical Laboratory | Signals: Tier A lab type: tox lab;Name signal (+): tox;Priority market: NJ,tier-A;lab;rule-intercept
122,82,A,High,ACIES MOLECULAR LAB LLC,Clinical Medical Laboratory,1518600758,NEW ALBANY,IN,47150,,,,,,,,,,,,https://www.bing.com/search?q=%22ACIES%20MOLECULAR%22%20site%3Alinkedin.com/company%20people%20employees,Tier A | RuleScore 82 | Lab Type: Clinical Medical Laboratory | Signals: Tier A lab type: molecular;Name signal (+): molecular;Priority market: IN,tier-A;lab;rule-intercept
122,82,A,High,ADVANCED GENETICS,Clinical Medical Laboratory,1407450760,MIAMI,FL,331666694,,,,,,,,,,,,https://www.bing.com/search?q=%22ADVANCED%20GENETICS%22%20site%3Alinkedin.com/company%20people%20employees,Tier A | RuleScore 82 | Lab Type: Clinical Medical Laboratory | Signals: Tier A lab type: genetics;Name signal (+): advanced;Priority market: FL,tier-A;lab;rule-intercept
122,82,A,High,ADVANCED GENETICS LAB LLC,Clinical Medical Laboratory,1952804080,MONROE,CT,064682809,,,,,,,,,,,,https://www.bing.com/search?q=%22ADVANCED%20GENETICS%22%20site%3Alinkedin.com/company%20people%20employees,Tier A | RuleScore 82 | Lab Type: Clinical Medical Laboratory | Signals: Tier A lab type: genetics;Name signal (+): advanced;Priority market: CT,tier-A;lab;rule-intercept
122,82,A,High,ADVANCED GENOMICS INC,Clinical Medical Laboratory,1518690627,FEASTERVILLE TREVOSE,PA,190536100,,,,,,,,,,,,https://www.bing.com/search?q=%22ADVANCED%20GENOMICS%22%20site%3Alinkedin.com/company%20people%20employees,Tier A | RuleScore 82 | Lab Type: Clinical Medical Laboratory | Signals: Tier A lab type: genomics;Name signal (+): advanced;Priority market: PA,tier-A;lab;rule-intercept
122,82,A,High,"ADVANCED GENOMICS, LLC",Clinical Medical Laboratory,1437544038,HOUSTON,TX,770432317,,,,,,,,,,,,https://www.bing.com/search?q=%22ADVANCED%20GENOMICS%22%20site%3Alinkedin.com/company%20people%20employees,Tier A | RuleScore 82 | Lab Type: Clinical Medical Laboratory | Signals: Tier A lab type: genomics;Name signal (+): advanced;Priority market: TX,tier-A;lab;rule-intercept
122,82,A,High,"ADVANCED MOLECULAR DIAGNOSTICS, LLC",Clinical Medical Laboratory,1790023547,MONTVALE,NJ,076451223,,,,,,,,,,,,https://www.bing.com/search?q=%22ADVANCED%20MOLECULAR%22%20site%3Alinkedin.com/company%20people%20employees,Tier A | RuleScore 82 | Lab Type: Clinical Medical Laboratory | Signals: Tier A lab type: molecular diagnostics;Name signal (+): molecular;Priority market: NJ,tier-A;lab;rule-intercept
122,82,A,High,ADVANCED TOXICOLOGY,Clinical Medical Laboratory,1073898748,DENTON,TX,762051211,,,,,,,,,,,,https://www.bing.com/search?q=%22ADVANCED%20TOXICOLOGY%22%20site%3Alinkedin.com/company%20people%20employees,Tier A | RuleScore 82 | Lab Type: Clinical Medical Laboratory | Signals: Tier A lab type: toxicology;Name signal (+): advanced;Priority market: TX,tier-A;lab;rule-intercept
122,82,A,High,"AK MOLECULAR DIAGNOSTIC LABORATORY, LLC",Clinical Medical Laboratory,1215014493,WACO,TX,767123786,,,,,,,,,,,,https://www.bing.com/search?q=%22AK%20MOLECULAR%20DIAGNOSTIC%22%20site%3Alinkedin.com/company%20people%20employees,Tier A | RuleScore 82 | Lab Type: Clinical Medical Laboratory | Signals: Tier A lab type: molecular;Name signal (+): molecular;Priority market: TX,tier-A;lab;rule-intercept
122,82,A,High,AMERICAN MOLECULAR LABORATORIES INC,Clinical Medical Laboratory,1982142402,VERNON HILLS,IL,600611590,,,,,,,,,,,,https://www.bing.com/search?q=%22AMERICAN%20MOLECULAR%22%20site%3Alinkedin.com/company%20people%20employees,Tier A | RuleScore 82 | Lab Type: Clinical Medical Laboratory | Signals: Tier A lab type: molecular;Name signal (+): molecular;Priority market: IL,tier-A;lab;rule-intercept
122,82,A,High,AMERICAN SPECIALTY LAB LLC,Clinical Medical Laboratory,1063968675,LAS VEGAS,NV,891171632,,,,,,,,,,,,https://www.bing.com/search?q=%22AMERICAN%20SPECIALTY%22%20site%3Alinkedin.com/company%20people%20employees,Tier A | RuleScore 82 | Lab Type: Clinical Medical Laboratory | Signals: Tier A lab type: specialty lab;Name signal (+): specialty;Priority market: NV,tier-A;lab;rule-intercept
122,82,A,High,"AMERICAN SPECIALTY LABORATORY , INC",Clinical Medical Laboratory,1316200504,CHATSWORTH,CA,913114416,,,,,,,,,,,,https://www.bing.com/search?q=%22AMERICAN%20SPECIALTY%22%20site%3Alinkedin.com/company%20people%20employees,Tier A | RuleScore 82 | Lab Type: Clinical Medical Laboratory | Signals: Tier A lab type: specialty lab;Name signal (+): specialty;Priority market: CA,tier-A;lab;rule-intercept
122,82,A,High,AMERICAN SPECIALTY LABS,Clinical Medical Laboratory,1265174916,HOUSTON,TX,770928242,,,,,,,,,,,,https://www.bing.com/search?q=%22AMERICAN%20SPECIALTY%22%20site%3Alinkedin.com/company%20people%20employees,Tier A | RuleScore 82 | Lab Type: Clinical Medical Laboratory | Signals: Tier A lab type: specialty lab;Name signal (+): specialty;Priority market: TX,tier-A;lab;rule-intercept
122,82,A,High,ANALYTICAL TOXICOLOGY CORPORATION,Clinical Medical Laboratory,1447492509,SAN ANTONIO,TX,782293627,,,,,,,,,,,,https://www.bing.com/search?q=%22ANALYTICAL%20TOXICOLOGY%22%20site%3Alinkedin.com/company%20people%20employees,Tier A | RuleScore 82 | Lab Type: Clinical Medical Laboratory | Signals: Tier A lab type: toxicology;Name signal (+): analytical;Priority market: TX,tier-A;lab;rule-intercept
122,82,A,High,"APEX MOLECULAR DIAGNOSTICS, LLC",Clinical Medical Laboratory,1942013248,ARLINGTON,TX,760066286,,,,,,,,,,,,https://www.bing.com/search?q=%22APEX%20MOLECULAR%22%20site%3Alinkedin.com/company%20people%20employees,Tier A | RuleScore 82 | Lab Type: Clinical Medical Laboratory | Signals: Tier A lab type: molecular diagnostics;Name signal (+): molecular;Priority market: TX,tier-A;lab;rule-intercept
122,82,A,High,APMG MOLECULAR DIAGNOSTICS,Clinical Medical Laboratory,1720266174,LA MESA,CA,919423020,,,,,,,,,,,,https://www.bing.com/search?q=%22APMG%20MOLECULAR%22%20site%3Alinkedin.com/company%20people%20employees,Tier A | RuleScore 82 | Lab Type: Clinical Medical Laboratory | Signals: Tier A lab type: molecular diagnostics;Name signal (+): molecular;Priority market: CA,tier-A;lab;rule-intercept
122,82,A,High,"APPLIED DNA CLINICAL LABS, LLC",Clinical Medical Laboratory,1366012742,STONY BROOK,NY,117903383,,,,,,,,,,,,https://www.bing.com/search?q=%22APPLIED%20DNA%20CLINICAL%22%20site%3Alinkedin.com/company%20people%20employees,Tier A | RuleScore 82 | Lab Type: Clinical Medical Laboratory | Signals: Tier A lab type: dna;Name signal (+): dna;Priority market: NY,tier-A;lab;rule-intercept
122,82,A,High,ARES NGS LLC,Clinical Medical Laboratory,1144876277,HOLLAND,MI,494246518,,,,,,,,,,,,https://www.bing.com/search?q=%22ARES%20NGS%22%20site%3Alinkedin.com/company%20people%20employees,Tier A | RuleScore 82 | Lab Type: Clinical Medical Laboratory | Signals: Tier A lab type: ngs;Name signal (+): ngs;Priority market: MI,tier-A;lab;rule-intercept
122,82,A,High,"ARISTA MOLECULAR, INC.",Clinical Medical Laboratory,1114232006,CARLSBAD,CA,920111414,,,,,,,,,,,,https://www.bing.com/search?q=%22ARISTA%20MOLECULAR%22%20site%3Alinkedin.com/company%20people%20employees,Tier A | RuleScore 82 | Lab Type: Clinical Medical Laboratory | Signals: Tier A lab type: molecular;Name signal (+): molecular;Priority market: CA,tier-A;lab;rule-intercept
122,82,A,High,"ARTEMIS DNA CA, LLC",Clinical Medical Laboratory,1639768641,IRVINE,CA,926184615,,,,,,,,,,,,https://www.bing.com/search?q=%22ARTEMIS%20DNA%20CA%22%20site%3Alinkedin.com/company%20people%20employees,Tier A | RuleScore 82 | Lab Type: Clinical Medical Laboratory | Signals: Tier A lab type: dna;Name signal (+): dna;Priority market: CA,tier-A;lab;rule-intercept
122,82,A,High,"ARTEMIS DNA LBX TX, LLC",Clinical Medical Laboratory,1952049116,HOUSTON,TX,77041,,,,,,,,,,,,https://www.bing.com/search?q=%22ARTEMIS%20DNA%20LBX%20TX%22%20site%3Alinkedin.com/company%20people%20employees,Tier A | RuleScore 82 | Lab Type: Clinical Medical Laboratory | Signals: Tier A lab type: dna;Name signal (+): dna;Priority market: TX,tier-A;lab;rule-intercept
122,82,A,High,ARTEMIS DNA TX LLC,Clinical Medical Laboratory,1699330415,HOUSTON,TX,770544632,,,,,,,,,,,,https://www.bing.com/search?q=%22ARTEMIS%20DNA%20TX%22%20site%3Alinkedin.com/company%20people%20employees,Tier A | RuleScore 82 | Lab Type: Clinical Medical Laboratory | Signals: Tier A lab type: dna;Name signal (+): dna;Priority market: TX,tier-A;lab;rule-intercept
122,82,A,High,ATLANTA RAPID TESTING LLC,Clinical Medical Laboratory,1467056333,MARIETTA,GA,300678659,,,,,,,,,,,,https://www.bing.com/search?q=%22ATLANTA%20RAPID%20TESTING%22%20site%3Alinkedin.com/company%20people%20employees,Tier A | RuleScore 82 | Lab Type: Clinical Medical Laboratory | Signals: Tier A lab type: rapid testing;Name signal (+): rapid;Priority market: GA,tier-A;lab;rule-intercept
122,82,A,High,CALIFORNIA MOLECULAR REFERENCE LABORATORIES,Clinical Medical Laboratory,1568698512,LAGUNA HILLS,CA,926533650,,,,,,,,,,,,https://www.bing.com/search?q=%22CALIFORNIA%20MOLECULAR%20REFERENCE%22%20site%3Alinkedin.com/company%20people%20employees,Tier A | RuleScore 82 | Lab Type: Clinical Medical Laboratory | Signals: Tier A lab type: molecular;Name signal (+): molecular;Priority market: CA,tier-A;lab;rule-intercept
122,82,A,High,CARIS MOLECULAR PATHOLOGY,"Pathology, Anatomic Pathology & Clinical Pathology",1548539661,PHOENIX,AZ,85040,,,,,,,,,,,,https://www.bing.com/search?q=%22CARIS%20MOLECULAR%20PATHOLOGY%22%20site%3Alinkedin.com/company%20people%20employees,"Tier A | RuleScore 82 | Lab Type: Pathology, Anatomic Pathology & Clinical Pathology | Signals: Tier A lab type: molecular;Name signal (+): molecular;Priority market: AZ",tier-A;lab;rule-intercept
122,82,A,High,"CENTER FOR MOLECULAR CANCER DIAGNOSTICS, INC",Clinical Medical Laboratory,1316378789,MENTOR,OH,440604806,,,,,,,,,,,,https://www.bing.com/search?q=%22CENTER%20FOR%20MOLECULAR%20CANCER%22%20site%3Alinkedin.com/company%20people%20employees,Tier A | RuleScore 82 | Lab Type: Clinical Medical Laboratory | Signals: Tier A lab type: molecular;Name signal (+): molecular;Priority market: OH,tier-A;lab;rule-intercept
122,82,A,High,"CENTER FOR MOLECULAR CANCER DIAGNOSTICS, INC",Clinical Medical Laboratory,1134808033,BROADVIEW,IL,601553869,,,,,,,,,,,,https://www.bing.com/search?q=%22CENTER%20FOR%20MOLECULAR%20CANCER%22%20site%3Alinkedin.com/company%20people%20employees,Tier A | RuleScore 82 | Lab Type: Clinical Medical Laboratory | Signals: Tier A lab type: molecular;Name signal (+): molecular;Priority market: IL,tier-A;lab;rule-intercept
122,82,A,High,CHATTAHOOCHEE VALLEY DNA SERVICES,Clinical Medical Laboratory,1053115154,COLUMBUS,GA,319062944,,,,,,,,,,,,https://www.bing.com/search?q=%22CHATTAHOOCHEE%20VALLEY%20DNA%22%20site%3Alinkedin.com/company%20people%20employees,Tier A | RuleScore 82 | Lab Type: Clinical Medical Laboratory | Signals: Tier A lab type: dna;Name signal (+): dna;Priority market: GA,tier-A;lab;rule-intercept
122,82,A,High,CORDELL LABS LLC DBA SPECIALTY LABORATORIES,laboratory,1801738364,EL CAJON,CA,920200911,(619) 708-3999,DAVID BARKA,Owner,,,,,,,,,https://www.bing.com/search?q=%22CORDELL%20LABS%20LLC%20DBA%20SPECIALTY%22%20site%3Alinkedin.com/company%20people%20employees,"Tier A | RuleScore 82 | Lab Type: Spec/Tech, Pathology, Laboratory Management | Signals: Tier A lab type: specialty lab;Name signal (+): specialty;Priority market: CA",tier-A;lab;rule-intercept
122,82,A,High,CORE TOXICOLOGY LLC,Clinical Medical Laboratory,1538527601,CREVE COEUR,MO,631417129,,,,,,,,,,,,https://www.bing.com/search?q=%22CORE%20TOXICOLOGY%22%20site%3Alinkedin.com/company%20people%20employees,Tier A | RuleScore 82 | Lab Type: Clinical Medical Laboratory | Signals: Tier A lab type: toxicology;Name signal (+): core;Priority market: MO,tier-A;lab;rule-intercept
122,82,A,High,COSMOSID NGS LABORATORY SERVICES,Clinical Medical Laboratory,1265097745,ROCKVILLE,MD,208501496,,,,,,,,,,,,https://www.bing.com/search?q=%22COSMOSID%20NGS%22%20site%3Alinkedin.com/company%20people%20employees,Tier A | RuleScore 82 | Lab Type: Clinical Medical Laboratory | Signals: Tier A lab type: ngs;Name signal (+): ngs;Priority market: MD,tier-A;lab;rule-intercept
122,82,A,High,"CYTO SPECIALTY LAB, INC.",Clinical Medical Laboratory,1679508204,SAN ANTONIO,TX,782176234,,,,,,,,,,,,https://www.bing.com/search?q=%22CYTO%20SPECIALTY%22%20site%3Alinkedin.com/company%20people%20employees,Tier A | RuleScore 82 | Lab Type: Clinical Medical Laboratory | Signals: Tier A lab type: specialty lab;Name signal (+): specialty;Priority market: TX,tier-A;lab;rule-intercept
122,82,A,High,DNA ANALYTICAL LABORATORY LV LLC,Clinical Medical Laboratory,1164019725,LAS VEGAS,NV,891033826,,,,,,,,,,,,https://www.bing.com/search?q=%22DNA%20ANALYTICAL%20LABORATORY%20LV%22%20site%3Alinkedin.com/company%20people%20employees,Tier A | RuleScore 82 | Lab Type: Clinical Medical Laboratory | Signals: Tier A lab type: dna;Name signal (+): dna;Priority market: NV,tier-A;lab;rule-intercept
122,82,A,High,DNA DIAGNOSTICS CENTER,Clinical Medical Laboratory,1639404544,FAIRFIELD,OH,450142296,,,,,,,,,,,,https://www.bing.com/search?q=%22DNA%20DIAGNOSTICS%20CENTER%22%20site%3Alinkedin.com/company%20people%20employees,Tier A | RuleScore 82 | Lab Type: Clinical Medical Laboratory | Signals: Tier A lab type: dna;Name signal (+): dna;Priority market: OH,tier-A;lab;rule-intercept
122,82,A,High,"DNA GENETICS LAB, LLC",Clinical Medical Laboratory,1528401544,NEW HAVEN,CT,065113107,,,,,,,,,,,,https://www.bing.com/search?q=%22DNA%20GENETICS%22%20site%3Alinkedin.com/company%20people%20employees,Tier A | RuleScore 82 | Lab Type: Clinical Medical Laboratory | Signals: Tier A lab type: genetics;Name signal (+): dna;Priority market: CT,tier-A;lab;rule-intercept
122,82,A,High,DNA MED SERVICES LLC,Clinical Medical Laboratory,1639020886,LOCUST GROVE,GA,30248,,,,,,,,,,,,https://www.bing.com/search?q=%22DNA%20MED%22%20site%3Alinkedin.com/company%20people%20employees,Tier A | RuleScore 82 | Lab Type: Clinical Medical Laboratory | Signals: Tier A lab type: dna;Name signal (+): dna;Priority market: GA,tier-A;lab;rule-intercept
122,82,A,High,DNA MED TUNING,Clinical Medical Laboratory,1174179972,HARTFORD,CT,061062515,,,,,,,,,,,,https://www.bing.com/search?q=%22DNA%20MED%20TUNING%22%20site%3Alinkedin.com/company%20people%20employees,Tier A | RuleScore 82 | Lab Type: Clinical Medical Laboratory | Signals: Tier A lab type: dna;Name signal (+): dna;Priority market: CT,tier-A;lab;rule-intercept
122,82,A,High,DNA MOLECULAR SCIENCES LLC,Clinical Medical Laboratory,1154051977,IRVINE,CA,926145563,,,,,,,,,,,,https://www.bing.com/search?q=%22DNA%20MOLECULAR%20SCIENCES%22%20site%3Alinkedin.com/company%20people%20employees,Tier A | RuleScore 82 | Lab Type: Clinical Medical Laboratory | Signals: Tier A lab type: molecular;Name signal (+): molecular;Priority market: CA,tier-A;lab;rule-intercept
122,82,A,High,DNA REFERENCE LAB,Clinical Medical Laboratory,1629437033,SAN ANTONIO,TX,782382500,,,,,,,,,,,,https://www.bing.com/search?q=%22DNA%20REFERENCE%22%20site%3Alinkedin.com/company%20people%20employees,Tier A | RuleScore 82 | Lab Type: Clinical Medical Laboratory | Signals: Tier A lab type: dna;Name signal (+): dna;Priority market: TX,tier-A;lab;rule-intercept
122,82,A,High,DNA TESTING ASSOCIATES,Clinical Medical Laboratory,1215899885,COLUMBIA,SC,292236523,,,,,,,,,,,,https://www.bing.com/search?q=%22DNA%20TESTING%20ASSOCIATES%22%20site%3Alinkedin.com/company%20people%20employees,Tier A | RuleScore 82 | Lab Type: Clinical Medical Laboratory | Signals: Tier A lab type: dna testing;Name signal (+): dna;Priority market: SC,tier-A;lab;rule-intercept
122,82,A,High,DRUWEL LLC DBA ACT DNA DRUG AND ALCOHOL TESTING,Clinical Medical Laboratory,1689047797,HOUSTON,TX,770213700,,,,,,,,,,,,https://www.bing.com/search?q=%22DRUWEL%20LLC%20DBA%20ACT%20DNA%20DRUG%20AND%20ALCOHOL%20TESTING%22%20site%3Alinkedin.com/company%20people%20employees,Tier A | RuleScore 82 | Lab Type: Clinical Medical Laboratory | Signals: Tier A lab type: dna;Name signal (+): dna;Priority market: TX,tier-A;lab;rule-intercept
122,82,A,High,"DYNAMIC DNA LABORATORIES, LLC",Clinical Medical Laboratory,1659738631,SPRINGFIELD,MO,658044623,,,,,,,,,,,,https://www.bing.com/search?q=%22DYNAMIC%20DNA%22%20site%3Alinkedin.com/company%20people%20employees,Tier A | RuleScore 82 | Lab Type: Clinical Medical Laboratory | Signals: Tier A lab type: dna;Name signal (+): dna;Priority market: MO,tier-A;lab;rule-intercept
122,82,A,High,EK-DNA LLC,Clinical Medical Laboratory,1437004686,NASHVILLE,TN,372192404,,,,,,,,,,,,https://www.bing.com/search?q=%22EK-DNA%22%20site%3Alinkedin.com/company%20people%20employees,Tier A | RuleScore 82 | Lab Type: Clinical Medical Laboratory | Signals: Tier A lab type: dna;Name signal (+): dna;Priority market: TN,tier-A;lab;rule-intercept
122,82,A,High,EMERALD MOLECULAR LABORATORY LLC,Clinical Medical Laboratory,1093578551,AUSTIN,TX,787358200,,,,,,,,,,,,https://www.bing.com/search?q=%22EMERALD%20MOLECULAR%22%20site%3Alinkedin.com/company%20people%20employees,Tier A | RuleScore 82 | Lab Type: Clinical Medical Laboratory | Signals: Tier A lab type: molecular;Name signal (+): molecular;Priority market: TX,tier-A;lab;rule-intercept
122,82,A,High,ENDEAVOR DNA INC,Clinical Medical Laboratory,1093318586,EL PASO,TX,799124424,,,,,MUNIZA AHMED,Clinical Medical Laboratory,https://www.linkedin.com/in/muniza-a/,,,,,https://www.bing.com/search?q=%22ENDEAVOR%20DNA%22%20site%3Alinkedin.com/company%20people%20employees,Tier A | RuleScore 82 | Lab Type: Clinical Medical Laboratory | Signals: Tier A lab type: dna;Name signal (+): dna;Priority market: TX,tier-A;lab;rule-intercept
122,82,A,High,FIRST CHOICE DNA,Clinical Medical Laboratory,1295428274,SOUTHFIELD,MI,480752865,,,,,,,,,,,,https://www.bing.com/search?q=%22FIRST%20CHOICE%20DNA%22%20site%3Alinkedin.com/company%20people%20employees,Tier A | RuleScore 82 | Lab Type: Clinical Medical Laboratory | Signals: Tier A lab type: dna;Name signal (+): dna;Priority market: MI,tier-A;lab;rule-intercept
122,82,A,High,FPCA MOLECULAR LABS LLC,Clinical Medical Laboratory,1245085430,FREDERICK,MD,217038624,,,,,,,,,,,,https://www.bing.com/search?q=%22FPCA%20MOLECULAR%22%20site%3Alinkedin.com/company%20people%20employees,Tier A | RuleScore 82 | Lab Type: Clinical Medical Laboratory | Signals: Tier A lab type: molecular;Name signal (+): molecular;Priority market: MD,tier-A;lab;rule-intercept
122,82,A,High,"GEORGIA ESOTERIC & MOLECULAR LABS, LLC",Clinical Medical Laboratory,1487694261,AUGUSTA,GA,309120004,,,,,,,,,,,,https://www.bing.com/search?q=%22GEORGIA%20ESOTERIC%20%26%20MOLECULAR%22%20site%3Alinkedin.com/company%20people%20employees,Tier A | RuleScore 82 | Lab Type: Clinical Medical Laboratory | Signals: Tier A lab type: molecular;Name signal (+): molecular;Priority market: GA,tier-A;lab;rule-intercept
122,82,A,High,"GULF COAST MOLECULAR LABORATORIES, LLC",Clinical Medical Laboratory,1780160770,SPANISH FORT,AL,36527,,,,,,,,,,,,https://www.bing.com/search?q=%22GULF%20COAST%20MOLECULAR%22%20site%3Alinkedin.com/company%20people%20employees,Tier A | RuleScore 82 | Lab Type: Clinical Medical Laboratory | Signals: Tier A lab type: molecular;Name signal (+): molecular;Priority market: AL,tier-A;lab;rule-intercept
122,82,A,High,HARMONY DNA & DRUG TESTING,Clinical Medical Laboratory,1386516201,BLUE BELL,PA,194222312,,,,,,,,,,,,https://www.bing.com/search?q=%22HARMONY%20DNA%20%26%20DRUG%20TESTING%22%20site%3Alinkedin.com/company%20people%20employees,Tier A | RuleScore 82 | Lab Type: Clinical Medical Laboratory | Signals: Tier A lab type: drug testing;Name signal (+): dna;Priority market: PA,tier-A;lab;rule-intercept
122,82,A,High,INSIGHT MOLECULAR DIAGNOSTICS INC.,Clinical Medical Laboratory,1427580109,NASHVILLE,TN,372172093,,,,,,,,,,,,https://www.bing.com/search?q=%22INSIGHT%20MOLECULAR%22%20site%3Alinkedin.com/company%20people%20employees,Tier A | RuleScore 82 | Lab Type: Clinical Medical Laboratory | Signals: Tier A lab type: molecular diagnostics;Name signal (+): molecular;Priority market: TN,tier-A;lab;rule-intercept
122,82,A,High,INSIGHT MOLECULAR DIAGNOSTICS INC.,Clinical Medical Laboratory,1609528892,FRANKLIN,TN,370648963,,,,,,,,,,,,https://www.bing.com/search?q=%22INSIGHT%20MOLECULAR%22%20site%3Alinkedin.com/company%20people%20employees,Tier A | RuleScore 82 | Lab Type: Clinical Medical Laboratory | Signals: Tier A lab type: molecular diagnostics;Name signal (+): molecular;Priority market: TN,tier-A;lab;rule-intercept
122,82,A,High,INTEGRATED CELLULAR AND MOLECULAR DIAGNOSTICS LLC,Clinical Medical Laboratory,1851707186,GREENBELT,MD,207706323,,,,,,,,,,,,https://www.bing.com/search?q=%22INTEGRATED%20CELLULAR%20AND%20MOLECULAR%22%20site%3Alinkedin.com/company%20people%20employees,Tier A | RuleScore 82 | Lab Type: Clinical Medical Laboratory | Signals: Tier A lab type: molecular diagnostics;Name signal (+): molecular;Priority market: MD,tier-A;lab;rule-intercept
122,82,A,High,INTEGRATED MOLECULAR DIAGNOSTICS LABORATORY,Clinical Medical Laboratory,1063106896,CHANDLER,AZ,852243665,,,,,,,,,,,,https://www.bing.com/search?q=%22INTEGRATED%20MOLECULAR%22%20site%3Alinkedin.com/company%20people%20employees,Tier A | RuleScore 82 | Lab Type: Clinical Medical Laboratory | Signals: Tier A lab type: molecular diagnostics;Name signal (+): molecular;Priority market: AZ,tier-A;lab;rule-intercept
122,82,A,High,"INTEGRATED MOLECULAR DIAGNOSTICS PATHOLOGY, INC.",Clinical Medical Laboratory,1770977951,AURORA,CO,800457335,,,,,,,,,,,,https://www.bing.com/search?q=%22INTEGRATED%20MOLECULAR%20DIAGNOSTICS%20PATHOLOGY%22%20site%3Alinkedin.com/company%20people%20employees,Tier A | RuleScore 82 | Lab Type: Clinical Medical Laboratory | Signals: Tier A lab type: molecular diagnostics;Name signal (+): molecular;Priority market: CO,tier-A;lab;rule-intercept
122,82,A,High,KONE MOLECULAR LABS LLC,Clinical Medical Laboratory,1396464616,FAIRFAX,VA,220306044,,,,,,,,https://www.linkedin.com/in/sarankone/,https://www.linkedin.com/in/sarankone,https://www.linkedin.com/in/amadou-kone-5b461213/,,https://www.bing.com/search?q=%22KONE%20MOLECULAR%22%20site%3Alinkedin.com/company%20people%20employees,Tier A | RuleScore 82 | Lab Type: Clinical Medical Laboratory | Signals: Tier A lab type: molecular;Name signal (+): molecular;Priority market: VA,tier-A;lab;rule-intercept
122,82,A,High,METRO RAPID TESTING LLC,Clinical Medical Laboratory,1639800188,CLIFTON,NJ,07013,,,,,,,,,,,,https://www.bing.com/search?q=%22METRO%20RAPID%20TESTING%22%20site%3Alinkedin.com/company%20people%20employees,Tier A | RuleScore 82 | Lab Type: Clinical Medical Laboratory | Signals: Tier A lab type: rapid testing;Name signal (+): rapid;Priority market: NJ,tier-A;lab;rule-intercept
122,82,A,High,"METROPOLITAN SPECIALTY LABS, INC",Clinical Medical Laboratory,1851699615,STATEN ISLAND,NY,10304,,,,,,,,,,,,https://www.bing.com/search?q=%22METROPOLITAN%20SPECIALTY%22%20site%3Alinkedin.com/company%20people%20employees,Tier A | RuleScore 82 | Lab Type: Clinical Medical Laboratory | Signals: Tier A lab type: specialty lab;Name signal (+): specialty;Priority market: NY,tier-A;lab;rule-intercept
122,82,A,High,MOBILE DNA DIRECT LLC,Clinical Medical Laboratory,1962292276,INDIANAPOLIS,IN,462681799,,,,,,,,,,,,https://www.bing.com/search?q=%22MOBILE%20DNA%20DIRECT%22%20site%3Alinkedin.com/company%20people%20employees,Tier A | RuleScore 82 | Lab Type: Clinical Medical Laboratory | Signals: Tier A lab type: dna;Name signal (+): dna;Priority market: IN,tier-A;lab;rule-intercept
122,82,A,High,MODERN MOLECULAR DIAGNOSTICS CORP,Clinical Medical Laboratory,1508506361,FAIRFIELD,NJ,070041977,,,,,,,,,,,,https://www.bing.com/search?q=%22MODERN%20MOLECULAR%22%20site%3Alinkedin.com/company%20people%20employees,Tier A | RuleScore 82 | Lab Type: Clinical Medical Laboratory | Signals: Tier A lab type: molecular diagnostics;Name signal (+): molecular;Priority market: NJ,tier-A;lab;rule-intercept
122,82,A,High,MOLECULAR AND DIAGNOSTIC TESTING LABS OF AMERICA,Clinical Medical Laboratory,1013673243,DALLAS,TX,752262017,,,,,,,,,,,,https://www.bing.com/search?q=%22MOLECULAR%20AND%20DIAGNOSTIC%20TESTING%20LABS%20OF%20AMERICA%22%20site%3Alinkedin.com/company%20people%20employees,Tier A | RuleScore 82 | Lab Type: Clinical Medical Laboratory | Signals: Tier A lab type: molecular;Name signal (+): molecular;Priority market: TX,tier-A;lab;rule-intercept
122,82,A,High,MOLECULAR DIAGNOSTIC LABORATORY LLC,Clinical Medical Laboratory,1730292822,WALLINGFORD,CT,064921884,,,,,,,,,,,,https://www.bing.com/search?q=%22MOLECULAR%20DIAGNOSTIC%22%20site%3Alinkedin.com/company%20people%20employees,Tier A | RuleScore 82 | Lab Type: Clinical Medical Laboratory | Signals: Tier A lab type: molecular;Name signal (+): molecular;Priority market: CT,tier-A;lab;rule-intercept
122,82,A,High,MOLECULAR EPIDEMIOLOGY INC,Clinical Medical Laboratory,1124295654,LAKE FOREST PARK,WA,981557634,,,,,,,,,,,,https://www.bing.com/search?q=%22MOLECULAR%20EPIDEMIOLOGY%22%20site%3Alinkedin.com/company%20people%20employees,Tier A | RuleScore 82 | Lab Type: Clinical Medical Laboratory | Signals: Tier A lab type: molecular;Name signal (+): molecular;Priority market: WA,tier-A;lab;rule-intercept
122,82,A,High,MOLECULAR LAB ASSOCIATES ILLINOIS,Clinical Medical Laboratory,1841999430,SPRINGFIELD,IL,627047433,,,,,,,,,,,,https://www.bing.com/search?q=%22MOLECULAR%20LAB%20ASSOCIATES%20ILLINOIS%22%20site%3Alinkedin.com/company%20people%20employees,Tier A | RuleScore 82 | Lab Type: Clinical Medical Laboratory | Signals: Tier A lab type: molecular;Name signal (+): molecular;Priority market: IL,tier-A;lab;rule-intercept
122,82,A,High,MOLECULAR MEDICAL INC,Clinical Medical Laboratory,1588041511,DAVISBURG,MI,483501946,,,,,,,,,,,,https://www.bing.com/search?q=%22MOLECULAR%22%20site%3Alinkedin.com/company%20people%20employees,Tier A | RuleScore 82 | Lab Type: Clinical Medical Laboratory | Signals: Tier A lab type: molecular;Name signal (+): molecular;Priority market: MI,tier-A;lab;rule-intercept
122,82,A,High,MOLECULAR MEDICINE INC.,Clinical Medical Laboratory,1578638060,DENVILLE,NJ,078342158,,,,,,,,,,,,https://www.bing.com/search?q=%22MOLECULAR%20MEDICINE%22%20site%3Alinkedin.com/company%20people%20employees,Tier A | RuleScore 82 | Lab Type: Clinical Medical Laboratory | Signals: Tier A lab type: molecular;Name signal (+): molecular;Priority market: NJ,tier-A;lab;rule-intercept
122,82,A,High,MOLECULAR PATHOLOGY LABORATORY NETWORK INC,Clinical Medical Laboratory,1053335729,MARYVILLE,TN,378045782,,,,,,,,,,,,https://www.bing.com/search?q=%22MOLECULAR%20PATHOLOGY%20LABORATORY%20NETWORK%22%20site%3Alinkedin.com/company%20people%20employees,Tier A | RuleScore 82 | Lab Type: Clinical Medical Laboratory | Signals: Tier A lab type: molecular;Name signal (+): molecular;Priority market: TN,tier-A;lab;rule-intercept
122,82,A,High,NATURAL MOLECULAR TESTING CORP.,Clinical Medical Laboratory,1699918714,SEATTLE,WA,981038602,,,,,,,,,,,,https://www.bing.com/search?q=%22NATURAL%20MOLECULAR%20TESTING%20CORP.%22%20site%3Alinkedin.com/company%20people%20employees,Tier A | RuleScore 82 | Lab Type: Clinical Medical Laboratory | Signals: Tier A lab type: molecular;Name signal (+): molecular;Priority market: WA,tier-A;lab;rule-intercept
122,82,A,High,NATURAL MOLECULAR TESTING CORPORATION,Clinical Medical Laboratory,1295057230,RENTON,WA,98057,,,,,MARGARET ADAM,Internal Medicine,https://www.linkedin.com/in/adammaster/,,,,,https://www.bing.com/search?q=%22NATURAL%20MOLECULAR%20TESTING%22%20site%3Alinkedin.com/company%20people%20employees,Tier A | RuleScore 82 | Lab Type: Clinical Medical Laboratory | Signals: Tier A lab type: molecular;Name signal (+): molecular;Priority market: WA,tier-A;lab;rule-intercept
122,82,A,High,"NGS DIAGNOSTICS, LLC.",Clinical Medical Laboratory,1700254794,RAMSEY,NJ,074461367,,,,,,,,,,,,https://www.bing.com/search?q=%22NGS%20DIAGNOSTICS%2C%20LLC.%22%20site%3Alinkedin.com/company%20people%20employees,Tier A | RuleScore 82 | Lab Type: Clinical Medical Laboratory | Signals: Tier A lab type: ngs;Name signal (+): ngs;Priority market: NJ,tier-A;lab;rule-intercept
122,82,A,High,OMEGA MOLECULAR LABORATORIES LLC,Clinical Medical Laboratory,1124890934,ALPHARETTA,GA,300058407,,,,,,,,,,,,https://www.bing.com/search?q=%22OMEGA%20MOLECULAR%22%20site%3Alinkedin.com/company%20people%20employees,Tier A | RuleScore 82 | Lab Type: Clinical Medical Laboratory | Signals: Tier A lab type: molecular;Name signal (+): molecular;Priority market: GA,tier-A;lab;rule-intercept
122,82,A,High,PATERNITY DNA CONSULTANTS,Clinical Medical Laboratory,1437967312,LAWRENCEVILLE,GA,300438538,,,,,,,,,,,,https://www.bing.com/search?q=%22PATERNITY%20DNA%20CONSULTANTS%22%20site%3Alinkedin.com/company%20people%20employees,Tier A | RuleScore 82 | Lab Type: Clinical Medical Laboratory | Signals: Tier A lab type: dna;Name signal (+): dna;Priority market: GA,tier-A;lab;rule-intercept
122,82,A,High,"PCG MOLECULAR, LLC","Pathology, Anatomic Pathology & Clinical Pathology",1538625868,ATLANTA,GA,303284277,,,,,,,,,,,,https://www.bing.com/search?q=%22PCG%20MOLECULAR%22%20site%3Alinkedin.com/company%20people%20employees,"Tier A | RuleScore 82 | Lab Type: Pathology, Anatomic Pathology & Clinical Pathology | Signals: Tier A lab type: molecular;Name signal (+): molecular;Priority market: GA",tier-A;lab;rule-intercept
122,82,A,High,PGX PARTNERS,Clinical Medical Laboratory,1457764565,BUFORD,GA,305188787,,,,,,,,,,,,https://www.bing.com/search?q=%22PGX%20PARTNERS%22%20site%3Alinkedin.com/company%20people%20employees,Tier A | RuleScore 82 | Lab Type: Clinical Medical Laboratory | Signals: Tier A lab type: pgx;Name signal (+): pgx;Priority market: GA,tier-A;lab;rule-intercept
122,82,A,High,PRECISION DNA SOLUTIONS,Clinical Medical Laboratory,1710271002,CLARKSTON,MI,483462270,,,,,,,,,,,,https://www.bing.com/search?q=%22PRECISION%20DNA%20SOLUTIONS%22%20site%3Alinkedin.com/company%20people%20employees,Tier A | RuleScore 82 | Lab Type: Clinical Medical Laboratory | Signals: Tier A lab type: dna;Name signal (+): dna;Priority market: MI,tier-A;lab;rule-intercept
122,82,A,High,"PRECISION GENETICS, INC.",Clinical Medical Laboratory,1346959970,GREENVILLE,SC,296153593,,,,,,,,,,,,https://www.bing.com/search?q=%22PRECISION%20GENETICS%22%20site%3Alinkedin.com/company%20people%20employees,Tier A | RuleScore 82 | Lab Type: Clinical Medical Laboratory | Signals: Tier A lab type: genetics;Name signal (+): precision;Priority market: SC,tier-A;lab;rule-intercept
122,82,A,High,PRECISION MOLECULAR SOLUTIONS LLC,Clinical Medical Laboratory,1154876886,CHARLESTON,SC,294258905,,,,,,,,,,,,https://www.bing.com/search?q=%22PRECISION%20MOLECULAR%20SOLUTIONS%22%20site%3Alinkedin.com/company%20people%20employees,Tier A | RuleScore 82 | Lab Type: Clinical Medical Laboratory | Signals: Tier A lab type: molecular;Name signal (+): molecular;Priority market: SC,tier-A;lab;rule-intercept
122,82,A,High,"PRECISION TOXICOLOGY, LLC",Clinical Medical Laboratory,1871907915,MARQUETTE,MI,498553196,,,,,,,,,,,,https://www.bing.com/search?q=%22PRECISION%20TOXICOLOGY%22%20site%3Alinkedin.com/company%20people%20employees,Tier A | RuleScore 82 | Lab Type: Clinical Medical Laboratory | Signals: Tier A lab type: toxicology;Name signal (+): precision;Priority market: MI,tier-A;lab;rule-intercept
122,82,A,High,"PRECISION TOXICOLOGY, LLC",Clinical Medical Laboratory,1043737505,DARTMOUTH,MA,027473303,,,,,,,,,,,,https://www.bing.com/search?q=%22PRECISION%20TOXICOLOGY%22%20site%3Alinkedin.com/company%20people%20employees,Tier A | RuleScore 82 | Lab Type: Clinical Medical Laboratory | Signals: Tier A lab type: toxicology;Name signal (+): precision;Priority market: MA,tier-A;lab;rule-intercept
122,82,A,High,"PRECISION TOXICOLOGY, LLC",Clinical Medical Laboratory,1114319563,WEST HARTFORD,CT,061191505,,,,,,,,,,,,https://www.bing.com/search?q=%22PRECISION%20TOXICOLOGY%22%20site%3Alinkedin.com/company%20people%20employees,Tier A | RuleScore 82 | Lab Type: Clinical Medical Laboratory | Signals: Tier A lab type: toxicology;Name signal (+): precision;Priority market: CT,tier-A;lab;rule-intercept
122,82,A,High,"PRIME TOXICOLOGY, LLC",Clinical Medical Laboratory,1104365626,SOUTHFIELD,MI,480341659,,,,,,,,,,,,https://www.bing.com/search?q=%22PRIME%20TOXICOLOGY%22%20site%3Alinkedin.com/company%20people%20employees,Tier A | RuleScore 82 | Lab Type: Clinical Medical Laboratory | Signals: Tier A lab type: toxicology;Name signal (+): prime;Priority market: MI,tier-A;lab;rule-intercept
122,82,A,High,PRISM MOLECULAR LLC,Clinical Medical Laboratory,1558067199,BLAKELY,PA,184471365,,,,,,,,,,,,https://www.bing.com/search?q=%22PRISM%20MOLECULAR%22%20site%3Alinkedin.com/company%20people%20employees,Tier A | RuleScore 82 | Lab Type: Clinical Medical Laboratory | Signals: Tier A lab type: molecular;Name signal (+): molecular;Priority market: PA,tier-A;lab;rule-intercept
122,82,A,High,PROTEUS MOLECULAR AND CLINICAL LAB LLC,Clinical Medical Laboratory,1538542196,HOMEWOOD,AL,35209,,,,,,,,,,,,https://www.bing.com/search?q=%22PROTEUS%20MOLECULAR%20AND%20CLINICAL%22%20site%3Alinkedin.com/company%20people%20employees,Tier A | RuleScore 82 | Lab Type: Clinical Medical Laboratory | Signals: Tier A lab type: molecular;Name signal (+): molecular;Priority market: AL,tier-A;lab;rule-intercept
122,82,A,High,RADID RESULTS DNA LABORATORIES LLC,Clinical Medical Laboratory,1003624008,PORTSMOUTH,VA,237043425,,,,,,,,,,,,https://www.bing.com/search?q=%22RADID%20RESULTS%20DNA%22%20site%3Alinkedin.com/company%20people%20employees,Tier A | RuleScore 82 | Lab Type: Clinical Medical Laboratory | Signals: Tier A lab type: dna;Name signal (+): dna;Priority market: VA,tier-A;lab;rule-intercept
122,82,A,High,"REPRODUCTIVE SPECIALTY LABORATORY OF TENNESSEE, LLC",Clinical Medical Laboratory,1114148277,NASHVILLE,TN,372031513,,,,,,,,,,,,https://www.bing.com/search?q=%22REPRODUCTIVE%20SPECIALTY%20LABORATORY%20OF%20TENNESSEE%22%20site%3Alinkedin.com/company%20people%20employees,Tier A | RuleScore 82 | Lab Type: Clinical Medical Laboratory | Signals: Tier A lab type: specialty lab;Name signal (+): specialty;Priority market: TN,tier-A;lab;rule-intercept
122,82,A,High,RESOLVE MOLECULAR DIAGNOSTICS LLC,Clinical Medical Laboratory,1235666322,FRANKLIN,TN,370648987,,,,,,,,,,,,https://www.bing.com/search?q=%22RESOLVE%20MOLECULAR%22%20site%3Alinkedin.com/company%20people%20employees,Tier A | RuleScore 82 | Lab Type: Clinical Medical Laboratory | Signals: Tier A lab type: molecular diagnostics;Name signal (+): molecular;Priority market: TN,tier-A;lab;rule-intercept
122,82,A,High,RESOLVE MOLECULAR DIAGNOSTICS LLC,Clinical Medical Laboratory,1336814870,METAIRIE,LA,700066626,,,,,,,,,,,,https://www.bing.com/search?q=%22RESOLVE%20MOLECULAR%22%20site%3Alinkedin.com/company%20people%20employees,Tier A | RuleScore 82 | Lab Type: Clinical Medical Laboratory | Signals: Tier A lab type: molecular diagnostics;Name signal (+): molecular;Priority market: LA,tier-A;lab;rule-intercept
122,82,A,High,SEQUENOM CENTER FOR MOLECULAR MEDICINE LLC,Clinical Medical Laboratory,1528205028,GRAND RAPIDS,MI,495033314,,,,,,,,,,,,https://www.bing.com/search?q=%22SEQUENOM%20CENTER%20FOR%20MOLECULAR%20MEDICINE%22%20site%3Alinkedin.com/company%20people%20employees,Tier A | RuleScore 82 | Lab Type: Clinical Medical Laboratory | Signals: Tier A lab type: molecular;Name signal (+): molecular;Priority market: MI,tier-A;lab;rule-intercept
122,82,A,High,"SPECIALTY DRUG TESTING, LLC",Clinical Medical Laboratory,1639577091,MONROE,LA,712032804,,,,,,,,,,,,https://www.bing.com/search?q=%22SPECIALTY%20DRUG%20TESTING%22%20site%3Alinkedin.com/company%20people%20employees,Tier A | RuleScore 82 | Lab Type: Clinical Medical Laboratory | Signals: Tier A lab type: drug testing;Name signal (+): specialty;Priority market: LA,tier-A;lab;rule-intercept
122,82,A,High,THYROID SPECIALTY LABORATORY INC,Clinical Medical Laboratory,1184055386,SAINT LOUIS,MO,631253900,,,,,,,,,,,,https://www.bing.com/search?q=%22THYROID%20SPECIALTY%22%20site%3Alinkedin.com/company%20people%20employees,Tier A | RuleScore 82 | Lab Type: Clinical Medical Laboratory | Signals: Tier A lab type: specialty lab;Name signal (+): specialty;Priority market: MO,tier-A;lab;rule-intercept
122,82,A,High,THYROID SPECIALTY LABORATORY INC,Clinical Medical Laboratory,1033239413,FENTON,MO,630262837,,,,,,,,,,,,https://www.bing.com/search?q=%22THYROID%20SPECIALTY%22%20site%3Alinkedin.com/company%20people%20employees,Tier A | RuleScore 82 | Lab Type: Clinical Medical Laboratory | Signals: Tier A lab type: specialty lab;Name signal (+): specialty;Priority market: MO,tier-A;lab;rule-intercept
122,82,A,High,TITAN MOLECULAR LABORATORIES LLC,Clinical Medical Laboratory,1750768834,SEATTLE,WA,981991565,,,,,JESSICA BERRYMAN,Specialist,https://www.linkedin.com/in/jessica-berryman-9455855a/,https://www.linkedin.com/in/titan-labs-42806398/,https://www.linkedin.com/in/titan-labs-42806398,https://www.linkedin.com/in/sujay-khedkar-803a0948/,https://www.linkedin.com/company/titananalytical,https://www.bing.com/search?q=%22TITAN%20MOLECULAR%22%20site%3Alinkedin.com/company%20people%20employees,Tier A | RuleScore 82 | Lab Type: Clinical Medical Laboratory | Signals: Tier A lab type: molecular;Name signal (+): molecular;Priority market: WA,tier-A;lab;rule-intercept
122,82,A,High,TUCSON SPECIALTY LABS LLC,Clinical Medical Laboratory,1922723899,TUCSON,AZ,857501925,,,,,,,,,,,,https://www.bing.com/search?q=%22TUCSON%20SPECIALTY%22%20site%3Alinkedin.com/company%20people%20employees,Tier A | RuleScore 82 | Lab Type: Clinical Medical Laboratory | Signals: Tier A lab type: specialty lab;Name signal (+): specialty;Priority market: AZ,tier-A;lab;rule-intercept
122,82,A,High,VERIFIED DNA SOLUTIONS,Clinical Medical Laboratory,1760277057,GREENVILLE,SC,296075732,,,,,,,,,,,,https://www.bing.com/search?q=%22VERIFIED%20DNA%20SOLUTIONS%22%20site%3Alinkedin.com/company%20people%20employees,Tier A | RuleScore 82 | Lab Type: Clinical Medical Laboratory | Signals: Tier A lab type: dna;Name signal (+): dna;Priority market: SC,tier-A;lab;rule-intercept
122,82,A,Low,"ARIZONA PRECISION MEDICINE, PLLC",pathology,1235759630,PHOENIX,AZ,850042364,(602) 481-9650,JOSHUA ROUTH,Physician,,,,,,,,,https://www.bing.com/search?q=%22ARIZONA%20PRECISION%20MEDICINE%22%20site%3Alinkedin.com/company%20people%20employees,"Tier A | RuleScore 82 | Lab Type: Pathology, Molecular Genetic Pathology | Signals: Tier A lab type: molecular;Name signal (+): precision;Priority market: AZ",tier-A;lab;rule-intercept
122,82,A,Low,PRECISION EPIGENOMICS INC.,pathology,1699503060,TUSCON,AZ,857111816,(520) 372-7522,RICHARD BERNERT,Chief Operating Officer,,,,,,,,,https://www.bing.com/search?q=%22PRECISION%20EPIGENOMICS%22%20site%3Alinkedin.com/company%20people%20employees,"Tier A | RuleScore 82 | Lab Type: Pathology, Molecular Genetic Pathology | Signals: Tier A lab type: molecular;Name signal (+): precision;Priority market: AZ",tier-A;lab;rule-intercept
112,72,A,High,"ADVANCED TOXICOLOGY,LLC",Clinical Medical Laboratory,1407236177,WEST LINN,OR,970684657,,,,,,,,,,,,https://www.bing.com/search?q=%22ADVANCED%20TOXICOLOGY%2CLLC%22%20site%3Alinkedin.com/company%20people%20employees,Tier A | RuleScore 72 | Lab Type: Clinical Medical Laboratory | Signals: Tier A lab type: toxicology;Name signal (+): advanced,tier-A;lab;rule-intercept
112,72,A,High,BEECHTREE MOLECULAR LAB LLC,Clinical Medical Laboratory,1982202453,DRAPER,UT,840208402,,,,,,,,,,,,https://www.bing.com/search?q=%22BEECHTREE%20MOLECULAR%22%20site%3Alinkedin.com/company%20people%20employees,Tier A | RuleScore 72 | Lab Type: Clinical Medical Laboratory | Signals: Tier A lab type: molecular;Name signal (+): molecular,tier-A;lab;rule-intercept
112,72,A,High,BT MOLECULAR LLC,Clinical Medical Laboratory,1932867371,DRAPER,UT,840209581,,,,,,,,,,,,https://www.bing.com/search?q=%22BT%20MOLECULAR%22%20site%3Alinkedin.com/company%20people%20employees,Tier A | RuleScore 72 | Lab Type: Clinical Medical Laboratory | Signals: Tier A lab type: molecular;Name signal (+): molecular,tier-A;lab;rule-intercept
112,72,A,High,CAR GENETICS & MOLECULAR DIAGNOSTICS LAB,Clinical Medical Laboratory,1841079670,HENSLEY,AR,720659169,,,,,,,,,,,,https://www.bing.com/search?q=%22CAR%20GENETICS%20%26%20MOLECULAR%22%20site%3Alinkedin.com/company%20people%20employees,Tier A | RuleScore 72 | Lab Type: Clinical Medical Laboratory | Signals: Tier A lab type: molecular diagnostics;Name signal (+): molecular,tier-A;lab;rule-intercept
112,72,A,High,"D&G PRECISION DRUG TESTING, LLC",Clinical Medical Laboratory,1316837594,JACKSON,MS,392062716,,,,,,,,,,,,https://www.bing.com/search?q=%22D%26G%20PRECISION%20DRUG%20TESTING%22%20site%3Alinkedin.com/company%20people%20employees,Tier A | RuleScore 72 | Lab Type: Clinical Medical Laboratory | Signals: Tier A lab type: drug testing;Name signal (+): precision,tier-A;lab;rule-intercept
112,72,A,High,EUROFINS CLINICAL MOLECULAR TESTING SERVICES LLC,Clinical Medical Laboratory,1861975062,LOUISVILLE,KY,402996388,,,,,,,,,,,,https://www.bing.com/search?q=%22EUROFINS%20CLINICAL%20MOLECULAR%20TESTING%22%20site%3Alinkedin.com/company%20people%20employees,Tier A | RuleScore 72 | Lab Type: Clinical Medical Laboratory | Signals: Tier A lab type: molecular;Name signal (+): molecular,tier-A;lab;rule-intercept
112,72,A,High,MOLECULAR AND DIAGNOSTIC TESTING LABS OF AMERICA,Clinical Medical Laboratory,1023622305,TUPELO,MS,388016401,,,,,,,,,,,,https://www.bing.com/search?q=%22MOLECULAR%20AND%20DIAGNOSTIC%20TESTING%20LABS%20OF%20AMERICA%22%20site%3Alinkedin.com/company%20people%20employees,Tier A | RuleScore 72 | Lab Type: Clinical Medical Laboratory | Signals: Tier A lab type: molecular;Name signal (+): molecular,tier-A;lab;rule-intercept
112,72,A,High,MOLECULAR DIAGNOSTICS LABORATORIES INC,Clinical Medical Laboratory,1679698633,COVINGTON,KY,410112353,,,,,,,,,,,,https://www.bing.com/search?q=%22MOLECULAR%22%20site%3Alinkedin.com/company%20people%20employees,Tier A | RuleScore 72 | Lab Type: Clinical Medical Laboratory | Signals: Tier A lab type: molecular diagnostics;Name signal (+): molecular,tier-A;lab;rule-intercept
112,72,A,High,MOLECULAR LAB ASSOCIATES LLC,Clinical Medical Laboratory,1659035459,TOPEKA,KS,666042603,,,,,,,,,,,,https://www.bing.com/search?q=%22MOLECULAR%20LAB%20ASSOCIATES%22%20site%3Alinkedin.com/company%20people%20employees,Tier A | RuleScore 72 | Lab Type: Clinical Medical Laboratory | Signals: Tier A lab type: molecular;Name signal (+): molecular,tier-A;lab;rule-intercept
112,72,A,High,"MOLECULAR MS DIAGNOSTICS, LLC",Clinical Medical Laboratory,1841503067,CRANSTON,RI,029202858,,,,,,,,,,,,https://www.bing.com/search?q=%22MOLECULAR%20MS%22%20site%3Alinkedin.com/company%20people%20employees,Tier A | RuleScore 72 | Lab Type: Clinical Medical Laboratory | Signals: Tier A lab type: molecular;Name signal (+): molecular,tier-A;lab;rule-intercept
112,72,A,High,MOLECULAR PATHOLOGY SERVICES OF THE HENRY VOGT CANCER RESEARCH INST,Clinical Medical Laboratory,1871593293,LOUISVILLE,KY,402023229,,,,,,,,,,,,https://www.bing.com/search?q=%22MOLECULAR%20PATHOLOGY%20SERVICES%20OF%20THE%20HENRY%20VOGT%20CANCER%20RESEARCH%20INST%22%20site%3Alinkedin.com/company%20people%20employees,Tier A | RuleScore 72 | Lab Type: Clinical Medical Laboratory | Signals: Tier A lab type: molecular;Name signal (+): molecular,tier-A;lab;rule-intercept
112,72,A,High,MOLECULAR VISION LABORATORY,Clinical Medical Laboratory,1750739041,HILLSBORO,OR,970066977,,,,,,,,,,,,https://www.bing.com/search?q=%22MOLECULAR%20VISION%22%20site%3Alinkedin.com/company%20people%20employees,Tier A | RuleScore 72 | Lab Type: Clinical Medical Laboratory | Signals: Tier A lab type: molecular;Name signal (+): molecular,tier-A;lab;rule-intercept
112,72,A,High,NATIONAL MOLECULAR DIAGNOSTICS,Clinical Medical Laboratory,1154039436,PLEASANT GROVE,UT,840626731,,,,,,,,,,,,https://www.bing.com/search?q=%22NATIONAL%20MOLECULAR%22%20site%3Alinkedin.com/company%20people%20employees,Tier A | RuleScore 72 | Lab Type: Clinical Medical Laboratory | Signals: Tier A lab type: molecular diagnostics;Name signal (+): molecular,tier-A;lab;rule-intercept
112,72,A,High,PRECISION GENOMICS LLC,Clinical Medical Laboratory,1407718430,OLIVE BRANCH,MS,386547906,,,,,,,,,,,,https://www.bing.com/search?q=%22PRECISION%20GENOMICS%22%20site%3Alinkedin.com/company%20people%20employees,Tier A | RuleScore 72 | Lab Type: Clinical Medical Laboratory | Signals: Tier A lab type: genomics;Name signal (+): precision,tier-A;lab;rule-intercept
112,72,A,High,QUICK TOX LAB LLC,Clinical Medical Laboratory,1164257499,OKLAHOMA CITY,OK,731325107,,,,,,,,,,,,https://www.bing.com/search?q=%22QUICK%20TOX%22%20site%3Alinkedin.com/company%20people%20employees,Tier A | RuleScore 72 | Lab Type: Clinical Medical Laboratory | Signals: Tier A lab type: tox lab;Name signal (+): tox,tier-A;lab;rule-intercept
112,72,A,High,"SIGMA MOLECULAR DIAGNOSTICS, LLC",Clinical Medical Laboratory,1154662880,LITTLE ROCK,AR,722048040,,,,,,,,,,,,https://www.bing.com/search?q=%22SIGMA%20MOLECULAR%22%20site%3Alinkedin.com/company%20people%20employees,Tier A | RuleScore 72 | Lab Type: Clinical Medical Laboratory | Signals: Tier A lab type: molecular diagnostics;Name signal (+): molecular,tier-A;lab;rule-intercept
112,72,A,High,SPECIALTY LABS PLLC,Clinical Medical Laboratory,1114227246,EAGLE,ID,83616,,,,,,,,,,,,https://www.bing.com/search?q=%22SPECIALTY%22%20site%3Alinkedin.com/company%20people%20employees,Tier A | RuleScore 72 | Lab Type: Clinical Medical Laboratory | Signals: Tier A lab type: specialty lab;Name signal (+): specialty,tier-A;lab;rule-intercept
112,72,A,High,"X-GENE MOLECULAR LABORATORIES, INC",pathology,1497223473,LOUISVILLE,KY,402416159,(859) 361-8704,TAMIA FISHER,CREDENTIAL-CONTRACT ANALYST,,,,,,,,,https://www.bing.com/search?q=%22X-GENE%20MOLECULAR%22%20site%3Alinkedin.com/company%20people%20employees,"Tier A | RuleScore 72 | Lab Type: Pathology, Molecular Genetic Pathology | Signals: Tier A lab type: molecular;Name signal (+): molecular",tier-A;lab;rule-intercept
110,70,A,High,1ST RATE COVID-19 SCREENING AND TOXICOLOGY SCREENING COMPANY,Clinical Medical Laboratory,1376297838,SAINT LOUIS,MO,631361567,,,,,,,,,,,,https://www.bing.com/search?q=%221ST%20RATE%20COVID-19%20SCREENING%20AND%20TOXICOLOGY%20SCREENING%20COMPANY%22%20site%3Alinkedin.com/company%20people%20employees,Tier A | RuleScore 70 | Lab Type: Clinical Medical Laboratory | Signals: Tier A lab type: toxicology;Priority market: MO,tier-A;lab;rule-intercept
110,70,A,High,ABSOLUTE GENOMICS PHL LLC,Clinical Medical Laboratory,1548886922,MAYFIELD,PA,184331973,,,,,,,,,,,,https://www.bing.com/search?q=%22ABSOLUTE%20GENOMICS%20PHL%22%20site%3Alinkedin.com/company%20people%20employees,Tier A | RuleScore 70 | Lab Type: Clinical Medical Laboratory | Signals: Tier A lab type: genomics;Priority market: PA,tier-A;lab;rule-intercept
110,70,A,High,ACCUMOLECULAR DIAGNOSTICS,Clinical Medical Laboratory,1154455855,SAN ANTONIO,TX,782294424,,,,,,,,,,,,https://www.bing.com/search?q=%22ACCUMOLECULAR%22%20site%3Alinkedin.com/company%20people%20employees,Tier A | RuleScore 70 | Lab Type: Clinical Medical Laboratory | Signals: Tier A lab type: molecular diagnostics;Priority market: TX,tier-A;lab;rule-intercept
110,70,A,High,"ADVANCE TOXICOLOGY LABORATORIES, LLC",Clinical Medical Laboratory,1043615214,SOUTHFIELD,MI,480752738,,,,,,,,,,,,https://www.bing.com/search?q=%22ADVANCE%20TOXICOLOGY%22%20site%3Alinkedin.com/company%20people%20employees,Tier A | RuleScore 70 | Lab Type: Clinical Medical Laboratory | Signals: Tier A lab type: toxicology;Priority market: MI,tier-A;lab;rule-intercept
110,70,A,High,ADVANTA GENETICS LLC,Clinical Medical Laboratory,1134559685,TYLER,TX,757033333,,,,,,,,,,,,https://www.bing.com/search?q=%22ADVANTA%20GENETICS%22%20site%3Alinkedin.com/company%20people%20employees,Tier A | RuleScore 70 | Lab Type: Clinical Medical Laboratory | Signals: Tier A lab type: genetics;Priority market: TX,tier-A;lab;rule-intercept
110,70,A,High,"ALERE GENETICS, INC.",Clinical Medical Laboratory,1669465399,CHAPEL HILL,NC,27514,,,,,,,,,,,,https://www.bing.com/search?q=%22ALERE%20GENETICS%22%20site%3Alinkedin.com/company%20people%20employees,Tier A | RuleScore 70 | Lab Type: Clinical Medical Laboratory | Signals: Tier A lab type: genetics;Priority market: NC,tier-A;lab;rule-intercept
110,70,A,High,"ALERE TOXICOLOGY SERVICES, INC",Clinical Medical Laboratory,1689874893,NORTH CHESTERFIELD,VA,232363045,,,,,,,,,,,,https://www.bing.com/search?q=%22ALERE%20TOXICOLOGY%22%20site%3Alinkedin.com/company%20people%20employees,Tier A | RuleScore 70 | Lab Type: Clinical Medical Laboratory | Signals: Tier A lab type: toxicology;Priority market: VA,tier-A;lab;rule-intercept
110,70,A,High,ALL IN ONE DRUG TESTING SERVICES,Clinical Medical Laboratory,1346549904,CORNELIUS,NC,280314017,,,,,,,,,,,,https://www.bing.com/search?q=%22ALL%20IN%20ONE%20DRUG%20TESTING%22%20site%3Alinkedin.com/company%20people%20employees,Tier A | RuleScore 70 | Lab Type: Clinical Medical Laboratory | Signals: Tier A lab type: drug testing;Priority market: NC,tier-A;lab;rule-intercept
110,70,A,High,"AMERICAN TOXICOLOGY INSTITUTE, LLC",Clinical Medical Laboratory,1396085213,SAINT LOUIS,MO,631161606,,,,,,,,,,,,https://www.bing.com/search?q=%22AMERICAN%20TOXICOLOGY%20INSTITUTE%22%20site%3Alinkedin.com/company%20people%20employees,Tier A | RuleScore 70 | Lab Type: Clinical Medical Laboratory | Signals: Tier A lab type: toxicology;Priority market: MO,tier-A;lab;rule-intercept
110,70,A,High,"AMERICAN TOXICOLOGY LAB, LLC",Clinical Medical Laboratory,1457772592,JOHNSON CITY,TN,376014037,,,,,,,,,,,,https://www.bing.com/search?q=%22AMERICAN%20TOXICOLOGY%22%20site%3Alinkedin.com/company%20people%20employees,Tier A | RuleScore 70 | Lab Type: Clinical Medical Laboratory | Signals: Tier A lab type: toxicology;Priority market: TN,tier-A;lab;rule-intercept
110,70,A,High,ARGENTUM TOXICOLOGY LLC,Clinical Medical Laboratory,1346669793,WEBSTER,TX,775985206,,,,,,,,,,,,https://www.bing.com/search?q=%22ARGENTUM%20TOXICOLOGY%22%20site%3Alinkedin.com/company%20people%20employees,Tier A | RuleScore 70 | Lab Type: Clinical Medical Laboratory | Signals: Tier A lab type: toxicology;Priority market: TX,tier-A;lab;rule-intercept
110,70,A,High,"ASSURANCE TOXICOLOGY SERVICES, INC",Clinical Medical Laboratory,1376960914,SAN ANTONIO,TX,782162877,,,,,,,,,,,,https://www.bing.com/search?q=%22ASSURANCE%20TOXICOLOGY%22%20site%3Alinkedin.com/company%20people%20employees,Tier A | RuleScore 70 | Lab Type: Clinical Medical Laboratory | Signals: Tier A lab type: toxicology;Priority market: TX,tier-A;lab;rule-intercept
110,70,A,High,ATLAS GENOMICS LLC,Clinical Medical Laboratory,1720489834,SEATTLE,WA,981991565,,,,,,,,,,,,https://www.bing.com/search?q=%22ATLAS%20GENOMICS%22%20site%3Alinkedin.com/company%20people%20employees,Tier A | RuleScore 70 | Lab Type: Clinical Medical Laboratory | Signals: Tier A lab type: genomics;Priority market: WA,tier-A;lab;rule-intercept
110,70,A,High,ATOSSA GENETICS INC,Clinical Medical Laboratory,1306139696,SEATTLE,WA,98102,,,,,,,,,,,,https://www.bing.com/search?q=%22ATOSSA%20GENETICS%22%20site%3Alinkedin.com/company%20people%20employees,Tier A | RuleScore 70 | Lab Type: Clinical Medical Laboratory | Signals: Tier A lab type: genetics;Priority market: WA,tier-A;lab;rule-intercept
110,70,A,High,"AURA GENETICS OF OHIO, LLC",Clinical Medical Laboratory,1891467643,BOARDMAN,OH,445125004,,,,,,,,,,,,https://www.bing.com/search?q=%22AURA%20GENETICS%20OF%20OHIO%22%20site%3Alinkedin.com/company%20people%20employees,Tier A | RuleScore 70 | Lab Type: Clinical Medical Laboratory | Signals: Tier A lab type: genetics;Priority market: OH,tier-A;lab;rule-intercept
110,70,A,High,AURUM TOXICOLOGY LLC,Clinical Medical Laboratory,1477972883,WEBSTER,TX,775985206,,,,,,,,,,,,https://www.bing.com/search?q=%22AURUM%20TOXICOLOGY%22%20site%3Alinkedin.com/company%20people%20employees,Tier A | RuleScore 70 | Lab Type: Clinical Medical Laboratory | Signals: Tier A lab type: toxicology;Priority market: TX,tier-A;lab;rule-intercept
110,70,A,High,AVRIO GENETICS LLC,Clinical Medical Laboratory,1720658438,ALLENTOWN,PA,181043432,,,,,,,,,,,,https://www.bing.com/search?q=%22AVRIO%20GENETICS%22%20site%3Alinkedin.com/company%20people%20employees,Tier A | RuleScore 70 | Lab Type: Clinical Medical Laboratory | Signals: Tier A lab type: genetics;Priority market: PA,tier-A;lab;rule-intercept
110,70,A,High,"AXIS FORENSIC TOXICOLOGY, INC.",Clinical Medical Laboratory,1457804197,INDIANAPOLIS,IN,462414352,,,,,,,,,,,,https://www.bing.com/search?q=%22AXIS%20FORENSIC%20TOXICOLOGY%22%20site%3Alinkedin.com/company%20people%20employees,Tier A | RuleScore 70 | Lab Type: Clinical Medical Laboratory | Signals: Tier A lab type: toxicology;Priority market: IN,tier-A;lab;rule-intercept
110,70,A,High,"BAYLOR COLLEGE OF MEDICINE, MEDICAL GENETICS LABS",Clinical Medical Laboratory,1770635864,HOUSTON,TX,770303411,,,,,,,,,,,,https://www.bing.com/search?q=%22BAYLOR%20COLLEGE%20OF%20MEDICINE%2C%20MEDICAL%20GENETICS%22%20site%3Alinkedin.com/company%20people%20employees,Tier A | RuleScore 70 | Lab Type: Clinical Medical Laboratory | Signals: Tier A lab type: genetics;Priority market: TX,tier-A;lab;rule-intercept
110,70,A,High,"BAYLOR MIRACA GENETICS LABORATORIES, LLC",Clinical Medical Laboratory,1568860062,HOUSTON,TX,770212039,,,,,,,,,,,,https://www.bing.com/search?q=%22BAYLOR%20MIRACA%20GENETICS%22%20site%3Alinkedin.com/company%20people%20employees,Tier A | RuleScore 70 | Lab Type: Clinical Medical Laboratory | Signals: Tier A lab type: genetics;Priority market: TX,tier-A;lab;rule-intercept
110,70,A,High,"BIOTOX LABORATORY, LLC",Clinical Medical Laboratory,1346611092,ALLEN PARK,MI,481012765,,,,,,,,,,,,https://www.bing.com/search?q=%22BIOTOX%22%20site%3Alinkedin.com/company%20people%20employees,Tier A | RuleScore 70 | Lab Type: Clinical Medical Laboratory | Signals: Tier A lab type: tox lab;Priority market: MI,tier-A;lab;rule-intercept
110,70,A,High,BLACK CAT TOXICOLOGY LLC,Clinical Medical Laboratory,1083295042,HOUSTON,TX,770247767,,,,,,,,,,,,https://www.bing.com/search?q=%22BLACK%20CAT%20TOXICOLOGY%22%20site%3Alinkedin.com/company%20people%20employees,Tier A | RuleScore 70 | Lab Type: Clinical Medical Laboratory | Signals: Tier A lab type: toxicology;Priority market: TX,tier-A;lab;rule-intercept
110,70,A,High,BLUEPRINT GENETICS INC.,Clinical Medical Laboratory,1023063062,MARLBOROUGH,MA,01752,,,,,,,,,,,,https://www.bing.com/search?q=%22BLUEPRINT%20GENETICS%22%20site%3Alinkedin.com/company%20people%20employees,Tier A | RuleScore 70 | Lab Type: Clinical Medical Laboratory | Signals: Tier A lab type: genetics;Priority market: MA,tier-A;lab;rule-intercept
110,70,A,High,CALHOUN DRUG TESTING SERVICES,Clinical Medical Laboratory,1174206312,ANDERSON,SC,296211325,,,,,,,,,,,,https://www.bing.com/search?q=%22CALHOUN%20DRUG%20TESTING%22%20site%3Alinkedin.com/company%20people%20employees,Tier A | RuleScore 70 | Lab Type: Clinical Medical Laboratory | Signals: Tier A lab type: drug testing;Priority market: SC,tier-A;lab;rule-intercept
110,70,A,High,CAMBRIDGE TOXICOLOGY,Clinical Medical Laboratory,1265113724,ELYRIA,OH,440351649,,,,,,,,,,,,https://www.bing.com/search?q=%22CAMBRIDGE%20TOXICOLOGY%22%20site%3Alinkedin.com/company%20people%20employees,Tier A | RuleScore 70 | Lab Type: Clinical Medical Laboratory | Signals: Tier A lab type: toxicology;Priority market: OH,tier-A;lab;rule-intercept
110,70,A,High,CANCER GENETICS INC,Clinical Medical Laboratory,1316307788,MORRISVILLE,NC,275608537,,,,,,,,,,,,https://www.bing.com/search?q=%22CANCER%20GENETICS%22%20site%3Alinkedin.com/company%20people%20employees,Tier A | RuleScore 70 | Lab Type: Clinical Medical Laboratory | Signals: Tier A lab type: genetics;Priority market: NC,tier-A;lab;rule-intercept
110,70,A,High,CANCER GENETICS INC.,Clinical Medical Laboratory,1215980610,RUTHERFORD,NJ,07070,,,,,,,,,,,,https://www.bing.com/search?q=%22CANCER%20GENETICS%22%20site%3Alinkedin.com/company%20people%20employees,Tier A | RuleScore 70 | Lab Type: Clinical Medical Laboratory | Signals: Tier A lab type: genetics;Priority market: NJ,tier-A;lab;rule-intercept
110,70,A,High,"CAPITAL TOXICOLOGY, LLC",Clinical Medical Laboratory,1568696185,AUSTIN,TX,787485602,,,,,,,,,,,,https://www.bing.com/search?q=%22CAPITAL%20TOXICOLOGY%22%20site%3Alinkedin.com/company%20people%20employees,Tier A | RuleScore 70 | Lab Type: Clinical Medical Laboratory | Signals: Tier A lab type: toxicology;Priority market: TX,tier-A;lab;rule-intercept
110,70,A,High,CENTER FOR HUMAN GENETICS,Clinical Medical Laboratory,1578556353,CLEVELAND,OH,441062205,,,,,,,,,,,,https://www.bing.com/search?q=%22CENTER%20FOR%20HUMAN%20GENETICS%22%20site%3Alinkedin.com/company%20people%20employees,Tier A | RuleScore 70 | Lab Type: Clinical Medical Laboratory | Signals: Tier A lab type: genetics;Priority market: OH,tier-A;lab;rule-intercept
110,70,A,High,"CENTER FOR HUMAN GENETICS, INC",Clinical Medical Laboratory,1821153156,CAMBRIDGE,MA,02139,,,,,,,,,,,,https://www.bing.com/search?q=%22CENTER%20FOR%20HUMAN%20GENETICS%22%20site%3Alinkedin.com/company%20people%20employees,Tier A | RuleScore 70 | Lab Type: Clinical Medical Laboratory | Signals: Tier A lab type: genetics;Priority market: MA,tier-A;lab;rule-intercept
110,70,A,High,CENTER FOR MEDICAL GENETICS PLLC,Clinical Medical Laboratory,1447566500,HOUSTON,TX,770541947,,,,,,,,,,,,https://www.bing.com/search?q=%22CENTER%20FOR%20MEDICAL%20GENETICS%22%20site%3Alinkedin.com/company%20people%20employees,Tier A | RuleScore 70 | Lab Type: Clinical Medical Laboratory | Signals: Tier A lab type: genetics;Priority market: TX,tier-A;lab;rule-intercept
110,70,A,High,"CENTER FOR MEDICAL GENETICS, PLLC",Clinical Medical Laboratory,1710214119,MCALLEN,TX,785031591,,,,,,,,,,,,https://www.bing.com/search?q=%22CENTER%20FOR%20MEDICAL%20GENETICS%22%20site%3Alinkedin.com/company%20people%20employees,Tier A | RuleScore 70 | Lab Type: Clinical Medical Laboratory | Signals: Tier A lab type: genetics;Priority market: TX,tier-A;lab;rule-intercept
110,70,A,High,"CENTER FOR MEDICAL GENETICS, PLLC",Clinical Medical Laboratory,1033109020,HOUSTON,TX,770541920,,,,,,,,,,,,https://www.bing.com/search?q=%22CENTER%20FOR%20MEDICAL%20GENETICS%22%20site%3Alinkedin.com/company%20people%20employees,Tier A | RuleScore 70 | Lab Type: Clinical Medical Laboratory | Signals: Tier A lab type: genetics;Priority market: TX,tier-A;lab;rule-intercept
110,70,A,High,CGC GENETICS INC.,Clinical Medical Laboratory,1467793208,NEWARK,NJ,071032757,,,,,,,,,,,,https://www.bing.com/search?q=%22CGC%20GENETICS%22%20site%3Alinkedin.com/company%20people%20employees,Tier A | RuleScore 70 | Lab Type: Clinical Medical Laboratory | Signals: Tier A lab type: genetics;Priority market: NJ,tier-A;lab;rule-intercept
110,70,A,High,"CHAMPLAIN TOXICOLOGY LAB, LLC",Clinical Medical Laboratory,1043869068,PLATTSBURGH,NY,129011217,,,,,,,,,,,,https://www.bing.com/search?q=%22CHAMPLAIN%20TOXICOLOGY%22%20site%3Alinkedin.com/company%20people%20employees,Tier A | RuleScore 70 | Lab Type: Clinical Medical Laboratory | Signals: Tier A lab type: toxicology;Priority market: NY,tier-A;lab;rule-intercept
110,70,A,High,"CHESAPEAKE TOXICOLOGY RESOURCES, LLC",Clinical Medical Laboratory,1992160436,FREDERICK,MD,217014763,,,,,,,,,,,,https://www.bing.com/search?q=%22CHESAPEAKE%20TOXICOLOGY%20RESOURCES%22%20site%3Alinkedin.com/company%20people%20employees,Tier A | RuleScore 70 | Lab Type: Clinical Medical Laboratory | Signals: Tier A lab type: toxicology;Priority market: MD,tier-A;lab;rule-intercept
110,70,A,High,CITY GENOMICS INC,Clinical Medical Laboratory,1255189783,HOUSTON,TX,770406210,,,,,,,,,,,,https://www.bing.com/search?q=%22CITY%20GENOMICS%22%20site%3Alinkedin.com/company%20people%20employees,Tier A | RuleScore 70 | Lab Type: Clinical Medical Laboratory | Signals: Tier A lab type: genomics;Priority market: TX,tier-A;lab;rule-intercept
110,70,A,High,"CLARITAS GENOMICS , INC",Clinical Medical Laboratory,1598158248,CAMBRIDGE,MA,021394559,,,,,,,,,,,,https://www.bing.com/search?q=%22CLARITAS%20GENOMICS%22%20site%3Alinkedin.com/company%20people%20employees,Tier A | RuleScore 70 | Lab Type: Clinical Medical Laboratory | Signals: Tier A lab type: genomics;Priority market: MA,tier-A;lab;rule-intercept
110,70,A,High,CLARITY TOXICOLOGY LLC,Clinical Medical Laboratory,1326441049,FLOWER MOUND,TX,750222718,,,,,,,,,,,,https://www.bing.com/search?q=%22CLARITY%20TOXICOLOGY%22%20site%3Alinkedin.com/company%20people%20employees,Tier A | RuleScore 70 | Lab Type: Clinical Medical Laboratory | Signals: Tier A lab type: toxicology;Priority market: TX,tier-A;lab;rule-intercept
110,70,A,High,"CLARITY TOXICOLOGY, LLC",Clinical Medical Laboratory,1124490313,FLOWER MOUND,TX,750222718,,,,,,,,,,,,https://www.bing.com/search?q=%22CLARITY%20TOXICOLOGY%22%20site%3Alinkedin.com/company%20people%20employees,Tier A | RuleScore 70 | Lab Type: Clinical Medical Laboratory | Signals: Tier A lab type: toxicology;Priority market: TX,tier-A;lab;rule-intercept
110,70,A,High,CLINICAL GENOMICS PATHOLOGY INC.,Clinical Medical Laboratory,1316492705,BRIDGEWATER,NJ,088071275,,,,,,,,,,,,https://www.bing.com/search?q=%22CLINICAL%20GENOMICS%20PATHOLOGY%22%20site%3Alinkedin.com/company%20people%20employees,Tier A | RuleScore 70 | Lab Type: Clinical Medical Laboratory | Signals: Tier A lab type: genomics;Priority market: NJ,tier-A;lab;rule-intercept
110,70,A,High,"CLINTOX LABORATORIES, LLC",Clinical Medical Laboratory,1659435998,WEST MONROE,LA,712914453,,,,,,,,,,,,https://www.bing.com/search?q=%22CLINTOX%22%20site%3Alinkedin.com/company%20people%20employees,Tier A | RuleScore 70 | Lab Type: Clinical Medical Laboratory | Signals: Tier A lab type: tox lab;Priority market: LA,tier-A;lab;rule-intercept
110,70,A,High,"COALITION TOXICOLOGY, LLC",Clinical Medical Laboratory,1114308863,JUPITER,FL,334585285,,,,,,,,,,,,https://www.bing.com/search?q=%22COALITION%20TOXICOLOGY%22%20site%3Alinkedin.com/company%20people%20employees,Tier A | RuleScore 70 | Lab Type: Clinical Medical Laboratory | Signals: Tier A lab type: toxicology;Priority market: FL,tier-A;lab;rule-intercept
110,70,A,High,COBA TOXICOLOGY LLC,Clinical Medical Laboratory,1831858364,WEBSTER,TX,775985393,,,,,,,,,,,,https://www.bing.com/search?q=%22COBA%20TOXICOLOGY%22%20site%3Alinkedin.com/company%20people%20employees,Tier A | RuleScore 70 | Lab Type: Clinical Medical Laboratory | Signals: Tier A lab type: toxicology;Priority market: TX,tier-A;lab;rule-intercept
110,70,A,High,COFACTOR GENOMICS,Clinical Medical Laboratory,1568127611,SAINT LOUIS,MO,631101716,,,,,,,,,,,,https://www.bing.com/search?q=%22COFACTOR%20GENOMICS%22%20site%3Alinkedin.com/company%20people%20employees,Tier A | RuleScore 70 | Lab Type: Clinical Medical Laboratory | Signals: Tier A lab type: genomics;Priority market: MO,tier-A;lab;rule-intercept
110,70,A,High,COMPASS TOXICOLOGY LLC,Clinical Medical Laboratory,1386197598,PASADENA,TX,775041827,,,,,,,,,,,,https://www.bing.com/search?q=%22COMPASS%20TOXICOLOGY%22%20site%3Alinkedin.com/company%20people%20employees,Tier A | RuleScore 70 | Lab Type: Clinical Medical Laboratory | Signals: Tier A lab type: toxicology;Priority market: TX,tier-A;lab;rule-intercept
110,70,A,High,COMPLIANCE TOXICOLOGY LLC,Clinical Medical Laboratory,1124327622,NEW WAVERLY,TX,773583642,,,,,,,,,,,,https://www.bing.com/search?q=%22COMPLIANCE%20TOXICOLOGY%22%20site%3Alinkedin.com/company%20people%20employees,Tier A | RuleScore 70 | Lab Type: Clinical Medical Laboratory | Signals: Tier A lab type: toxicology;Priority market: TX,tier-A;lab;rule-intercept
110,70,A,High,COMPREHENSIVE TOXICOLOGY PC,Clinical Medical Laboratory,1306186614,COOKEVILLE,TN,385014672,,,,,,,,,,,,https://www.bing.com/search?q=%22COMPREHENSIVE%20TOXICOLOGY%22%20site%3Alinkedin.com/company%20people%20employees,Tier A | RuleScore 70 | Lab Type: Clinical Medical Laboratory | Signals: Tier A lab type: toxicology;Priority market: TN,tier-A;lab;rule-intercept
110,70,A,High,COVIGEN MEDTOX LAB INC.,Clinical Medical Laboratory,1407424328,ELIZABETH,NJ,072082310,,,,,,,,,,,,https://www.bing.com/search?q=%22COVIGEN%20MEDTOX%22%20site%3Alinkedin.com/company%20people%20employees,Tier A | RuleScore 70 | Lab Type: Clinical Medical Laboratory | Signals: Tier A lab type: tox lab;Priority market: NJ,tier-A;lab;rule-intercept
110,70,A,High,CROWN TOXICOLOGY LTD,Clinical Medical Laboratory,1285019158,SAN ANTONIO,TX,782474335,,,,,,,,,,,,https://www.bing.com/search?q=%22CROWN%20TOXICOLOGY%22%20site%3Alinkedin.com/company%20people%20employees,Tier A | RuleScore 70 | Lab Type: Clinical Medical Laboratory | Signals: Tier A lab type: toxicology;Priority market: TX,tier-A;lab;rule-intercept
110,70,A,High,"CSI GENETICS, LLC",Clinical Medical Laboratory,1295806552,ALPHARETTA,GA,300054482,,,,,,,,,,,,https://www.bing.com/search?q=%22CSI%20GENETICS%22%20site%3Alinkedin.com/company%20people%20employees,Tier A | RuleScore 70 | Lab Type: Clinical Medical Laboratory | Signals: Tier A lab type: genetics;Priority market: GA,tier-A;lab;rule-intercept
110,70,A,High,"DARLENE'S DRUG TESTING CENTER & MORE, LLC",Clinical Medical Laboratory,1477379006,HOUSTON,TX,770542651,,,,,,,,,,,,https://www.bing.com/search?q=%22DARLENE%27S%20DRUG%20TESTING%20CENTER%20%26%20MORE%22%20site%3Alinkedin.com/company%20people%20employees,Tier A | RuleScore 70 | Lab Type: Clinical Medical Laboratory | Signals: Tier A lab type: drug testing;Priority market: TX,tier-A;lab;rule-intercept
110,70,A,High,DECODE GENETICS INC.,Clinical Medical Laboratory,1538355656,WOODRIDGE,IL,605174957,,,,,,,,,,,,https://www.bing.com/search?q=%22DECODE%20GENETICS%22%20site%3Alinkedin.com/company%20people%20employees,Tier A | RuleScore 70 | Lab Type: Clinical Medical Laboratory | Signals: Tier A lab type: genetics;Priority market: IL,tier-A;lab;rule-intercept
110,70,A,High,DEEP BLUE TOXICOLOGY LLC,Clinical Medical Laboratory,1396113809,WEST PALM BEACH,FL,334032025,,,,,,,,,,,,https://www.bing.com/search?q=%22DEEP%20BLUE%20TOXICOLOGY%22%20site%3Alinkedin.com/company%20people%20employees,Tier A | RuleScore 70 | Lab Type: Clinical Medical Laboratory | Signals: Tier A lab type: toxicology;Priority market: FL,tier-A;lab;rule-intercept
110,70,A,High,DIAGNOSTIC GENETICS,Clinical Medical Laboratory,1356561864,LONG BRANCH,NJ,077406303,,,,,,,,,,,,https://www.bing.com/search?q=%22DIAGNOSTIC%20GENETICS%22%20site%3Alinkedin.com/company%20people%20employees,Tier A | RuleScore 70 | Lab Type: Clinical Medical Laboratory | Signals: Tier A lab type: genetics;Priority market: NJ,tier-A;lab;rule-intercept
110,70,A,High,DRUG TESTING LLC,Clinical Medical Laboratory,1144460908,STUART,FL,349942160,,,,,,,,,,,,https://www.bing.com/search?q=%22DRUG%20TESTING%22%20site%3Alinkedin.com/company%20people%20employees,Tier A | RuleScore 70 | Lab Type: Clinical Medical Laboratory | Signals: Tier A lab type: drug testing;Priority market: FL,tier-A;lab;rule-intercept
110,70,A,High,"DRUG TESTING SOLUTIONS, INC",Clinical Medical Laboratory,1225366941,DANDRIDGE,TN,377254621,,,,,,,,,,,,https://www.bing.com/search?q=%22DRUG%20TESTING%20SOLUTIONS%22%20site%3Alinkedin.com/company%20people%20employees,Tier A | RuleScore 70 | Lab Type: Clinical Medical Laboratory | Signals: Tier A lab type: drug testing;Priority market: TN,tier-A;lab;rule-intercept
110,70,A,High,"EAGLE TOXICOLOGY, LLC",Clinical Medical Laboratory,1407221336,JUPITER,FL,334585286,,,,,,,,,,,,https://www.bing.com/search?q=%22EAGLE%20TOXICOLOGY%22%20site%3Alinkedin.com/company%20people%20employees,Tier A | RuleScore 70 | Lab Type: Clinical Medical Laboratory | Signals: Tier A lab type: toxicology;Priority market: FL,tier-A;lab;rule-intercept
110,70,A,High,"EAST COAST TOXICOLOGY LABORATORIES, INC.",Clinical Medical Laboratory,1285952762,PEMBROKE PINES,FL,330243611,,,,,,,,,,,,https://www.bing.com/search?q=%22EAST%20COAST%20TOXICOLOGY%22%20site%3Alinkedin.com/company%20people%20employees,Tier A | RuleScore 70 | Lab Type: Clinical Medical Laboratory | Signals: Tier A lab type: toxicology;Priority market: FL,tier-A;lab;rule-intercept
110,70,A,High,ECLIPSE TOXICOLOGY LTD,Clinical Medical Laboratory,1336534072,SAN ANTONIO,TX,782325034,,,,,,,,,,,,https://www.bing.com/search?q=%22ECLIPSE%20TOXICOLOGY%22%20site%3Alinkedin.com/company%20people%20employees,Tier A | RuleScore 70 | Lab Type: Clinical Medical Laboratory | Signals: Tier A lab type: toxicology;Priority market: TX,tier-A;lab;rule-intercept
110,70,A,High,"EMPIRE GENOMICS, LLC",Clinical Medical Laboratory,1265853519,BUFFALO,NY,142031536,,,,,,,,,,,,https://www.bing.com/search?q=%22EMPIRE%20GENOMICS%22%20site%3Alinkedin.com/company%20people%20employees,Tier A | RuleScore 70 | Lab Type: Clinical Medical Laboratory | Signals: Tier A lab type: genomics;Priority market: NY,tier-A;lab;rule-intercept
110,70,A,High,EMS TOXICOLOGY,Clinical Medical Laboratory,1083004493,LAS VEGAS,NV,891204410,,,,,,,,,,,,https://www.bing.com/search?q=%22EMS%20TOXICOLOGY%22%20site%3Alinkedin.com/company%20people%20employees,Tier A | RuleScore 70 | Lab Type: Clinical Medical Laboratory | Signals: Tier A lab type: toxicology;Priority market: NV,tier-A;lab;rule-intercept
110,70,A,High,EVERIST GENOMICS,Clinical Medical Laboratory,1568767929,ANN ARBOR,MI,481089109,,,,,,,,,,,,https://www.bing.com/search?q=%22EVERIST%20GENOMICS%22%20site%3Alinkedin.com/company%20people%20employees,Tier A | RuleScore 70 | Lab Type: Clinical Medical Laboratory | Signals: Tier A lab type: genomics;Priority market: MI,tier-A;lab;rule-intercept
110,70,A,High,"EVERIST GENOMICS, INC.",Clinical Medical Laboratory,1750668703,ANN ARBOR,MI,481083371,,,,,,,,,,,,https://www.bing.com/search?q=%22EVERIST%20GENOMICS%22%20site%3Alinkedin.com/company%20people%20employees,Tier A | RuleScore 70 | Lab Type: Clinical Medical Laboratory | Signals: Tier A lab type: genomics;Priority market: MI,tier-A;lab;rule-intercept
110,70,A,High,EYE CARE GENETICS,Clinical Medical Laboratory,1841935954,GAINESVILLE,FL,32601,,,,,,,,,,,,https://www.bing.com/search?q=%22EYE%20CARE%20GENETICS%22%20site%3Alinkedin.com/company%20people%20employees,Tier A | RuleScore 70 | Lab Type: Clinical Medical Laboratory | Signals: Tier A lab type: genetics;Priority market: FL,tier-A;lab;rule-intercept
110,70,A,High,FALCON GENOMICS INC,Clinical Medical Laboratory,1467844738,ALLISON PARK,PA,151013180,,,,,,,,,,,,https://www.bing.com/search?q=%22FALCON%20GENOMICS%22%20site%3Alinkedin.com/company%20people%20employees,Tier A | RuleScore 70 | Lab Type: Clinical Medical Laboratory | Signals: Tier A lab type: genomics;Priority market: PA,tier-A;lab;rule-intercept
110,70,A,High,"FORTIER SUBSTANCE ABUSE TESTING, INC.",Clinical Medical Laboratory,1255633996,NASHVILLE,TN,372142300,,,,,,,,,,,,https://www.bing.com/search?q=%22FORTIER%20SUBSTANCE%20ABUSE%20TESTING%22%20site%3Alinkedin.com/company%20people%20employees,Tier A | RuleScore 70 | Lab Type: Clinical Medical Laboratory | Signals: Tier A lab type: substance abuse;Priority market: TN,tier-A;lab;rule-intercept
110,70,A,High,"G6 GENOMICS, LLC",Clinical Medical Laboratory,1114346616,ATLANTA,GA,303495591,,,,,,,,,,,,https://www.bing.com/search?q=%22G6%20GENOMICS%22%20site%3Alinkedin.com/company%20people%20employees,Tier A | RuleScore 70 | Lab Type: Clinical Medical Laboratory | Signals: Tier A lab type: genomics;Priority market: GA,tier-A;lab;rule-intercept
110,70,A,High,"GENESIS GENETICS INSTITUTE, LLC",Clinical Medical Laboratory,1326283276,DETROIT,MI,482073104,,,,,,,,,,,,https://www.bing.com/search?q=%22GENESIS%20GENETICS%20INSTITUTE%22%20site%3Alinkedin.com/company%20people%20employees,Tier A | RuleScore 70 | Lab Type: Clinical Medical Laboratory | Signals: Tier A lab type: genetics;Priority market: MI,tier-A;lab;rule-intercept
110,70,A,High,"GENETICS ASSOCIATES, INC,",Clinical Medical Laboratory,1629068085,NASHVILLE,TN,372032120,,,,,,,,,,,,https://www.bing.com/search?q=%22GENETICS%20ASSOCIATES%2C%20INC%22%20site%3Alinkedin.com/company%20people%20employees,Tier A | RuleScore 70 | Lab Type: Clinical Medical Laboratory | Signals: Tier A lab type: genetics;Priority market: TN,tier-A;lab;rule-intercept
110,70,A,High,"GENETICS ASSOCIATES, LLC",Clinical Medical Laboratory,1669207361,NASHVILLE,TN,372032182,,,,,,,,,,,,https://www.bing.com/search?q=%22GENETICS%20ASSOCIATES%22%20site%3Alinkedin.com/company%20people%20employees,Tier A | RuleScore 70 | Lab Type: Clinical Medical Laboratory | Signals: Tier A lab type: genetics;Priority market: TN,tier-A;lab;rule-intercept
110,70,A,High,GENETICS INSTITUTE OF AMERICA LABORATORY CORP,Clinical Medical Laboratory,1902464134,HOUSTON,TX,770563820,,,,,,,,,,,,https://www.bing.com/search?q=%22GENETICS%20INSTITUTE%20OF%20AMERICA%22%20site%3Alinkedin.com/company%20people%20employees,Tier A | RuleScore 70 | Lab Type: Clinical Medical Laboratory | Signals: Tier A lab type: genetics;Priority market: TX,tier-A;lab;rule-intercept
110,70,A,High,GENETICS INSTITUTE OF AMERICA LABORATORY FL1 CORP,Clinical Medical Laboratory,1023677499,DELRAY BEACH,FL,334453706,,,,,,,,,,,,https://www.bing.com/search?q=%22GENETICS%20INSTITUTE%20OF%20AMERICA%20LABORATORY%20FL1%22%20site%3Alinkedin.com/company%20people%20employees,Tier A | RuleScore 70 | Lab Type: Clinical Medical Laboratory | Signals: Tier A lab type: genetics;Priority market: FL,tier-A;lab;rule-intercept
110,70,A,High,"GENETICS OF MEMPHIS, INC",Clinical Medical Laboratory,1144308479,MEMPHIS,TN,381177126,,,,,,,,,,,,https://www.bing.com/search?q=%22GENETICS%20OF%20MEMPHIS%22%20site%3Alinkedin.com/company%20people%20employees,Tier A | RuleScore 70 | Lab Type: Clinical Medical Laboratory | Signals: Tier A lab type: genetics;Priority market: TN,tier-A;lab;rule-intercept
110,70,A,High,"GENTOX LABORATORIES, LLC",Clinical Medical Laboratory,1942680459,ANDERSON,SC,296217914,,,,,,,,,,,,https://www.bing.com/search?q=%22GENTOX%22%20site%3Alinkedin.com/company%20people%20employees,Tier A | RuleScore 70 | Lab Type: Clinical Medical Laboratory | Signals: Tier A lab type: tox lab;Priority market: SC,tier-A;lab;rule-intercept
110,70,A,High,"GENTOX LABORATORIES, LLC",Clinical Medical Laboratory,1205205283,BREAUX BRIDGE,LA,705174239,,,,,,,,,,,,https://www.bing.com/search?q=%22GENTOX%22%20site%3Alinkedin.com/company%20people%20employees,Tier A | RuleScore 70 | Lab Type: Clinical Medical Laboratory | Signals: Tier A lab type: tox lab;Priority market: LA,tier-A;lab;rule-intercept
110,70,A,High,GRANGER GENETICS LLC,Clinical Medical Laboratory,1295190635,NORTH CHESTERFIELD,VA,232355167,,,,,,,,,,,,https://www.bing.com/search?q=%22GRANGER%20GENETICS%22%20site%3Alinkedin.com/company%20people%20employees,Tier A | RuleScore 70 | Lab Type: Clinical Medical Laboratory | Signals: Tier A lab type: genetics;Priority market: VA,tier-A;lab;rule-intercept
110,70,A,High,"GRANGER GENETICS, LLC",Clinical Medical Laboratory,1740631605,ORLANDO,FL,328094636,,,,,,,,,,,,https://www.bing.com/search?q=%22GRANGER%20GENETICS%22%20site%3Alinkedin.com/company%20people%20employees,Tier A | RuleScore 70 | Lab Type: Clinical Medical Laboratory | Signals: Tier A lab type: genetics;Priority market: FL,tier-A;lab;rule-intercept
110,70,A,High,HARVARD PARTNERS CENTER FOR GENETICS AND GENOMICS,Clinical Medical Laboratory,1881810703,CAMBRIDGE,MA,02139,,,,,,,,,,,,https://www.bing.com/search?q=%22HARVARD%20PARTNERS%20CENTER%20FOR%20GENETICS%20AND%20GENOMICS%22%20site%3Alinkedin.com/company%20people%20employees,Tier A | RuleScore 70 | Lab Type: Clinical Medical Laboratory | Signals: Tier A lab type: genomics;Priority market: MA,tier-A;lab;rule-intercept
110,70,A,High,"HEARTLAND TOXICOLOGY, LLC",Clinical Medical Laboratory,1821580374,KANSAS CITY,MO,641451437,,,,,,,,,,,,https://www.bing.com/search?q=%22HEARTLAND%20TOXICOLOGY%22%20site%3Alinkedin.com/company%20people%20employees,Tier A | RuleScore 70 | Lab Type: Clinical Medical Laboratory | Signals: Tier A lab type: toxicology;Priority market: MO,tier-A;lab;rule-intercept
110,70,A,High,HNL GENETICS LLC,Clinical Medical Laboratory,1952866824,ALLENTOWN,PA,181069371,,,,,,,,,,,,https://www.bing.com/search?q=%22HNL%20GENETICS%22%20site%3Alinkedin.com/company%20people%20employees,Tier A | RuleScore 70 | Lab Type: Clinical Medical Laboratory | Signals: Tier A lab type: genetics;Priority market: PA,tier-A;lab;rule-intercept
110,70,A,High,"HYBRID TOXICOLOGY, L.L.C.",Clinical Medical Laboratory,1528456795,BATON ROUGE,LA,708165235,,,,,,,,,,,,https://www.bing.com/search?q=%22HYBRID%20TOXICOLOGY%22%20site%3Alinkedin.com/company%20people%20employees,Tier A | RuleScore 70 | Lab Type: Clinical Medical Laboratory | Signals: Tier A lab type: toxicology;Priority market: LA,tier-A;lab;rule-intercept
110,70,A,High,IMAN TOXICOLOGY LLC,Clinical Medical Laboratory,1942793609,FLINT,MI,485072677,,,,,,,,,,,,https://www.bing.com/search?q=%22IMAN%20TOXICOLOGY%22%20site%3Alinkedin.com/company%20people%20employees,Tier A | RuleScore 70 | Lab Type: Clinical Medical Laboratory | Signals: Tier A lab type: toxicology;Priority market: MI,tier-A;lab;rule-intercept
110,70,A,High,"INSIGHT MEDICAL GENETICS, LLC",Clinical Medical Laboratory,1831524438,CHICAGO,IL,606114546,,,,,,,,,,,,https://www.bing.com/search?q=%22INSIGHT%20MEDICAL%20GENETICS%22%20site%3Alinkedin.com/company%20people%20employees,Tier A | RuleScore 70 | Lab Type: Clinical Medical Laboratory | Signals: Tier A lab type: genetics;Priority market: IL,tier-A;lab;rule-intercept
110,70,A,High,"INTEGRATING INSIGHTS, INC",molecular,1942969407,BOULDER,CO,,(303) 872-4077,LYNDSEY RYAN,Executive Director and Psychotherap,,,,,,,,,https://www.bing.com/search?q=%22INTEGRATING%20INSIGHTS%22%20site%3Alinkedin.com/company%20people%20employees,,
110,70,A,High,"KOKUA TOXICOLOGY, LLC",Clinical Medical Laboratory,1578824082,HAYWARD,CA,945413053,,,,,,,,,,,,https://www.bing.com/search?q=%22KOKUA%20TOXICOLOGY%22%20site%3Alinkedin.com/company%20people%20employees,Tier A | RuleScore 70 | Lab Type: Clinical Medical Laboratory | Signals: Tier A lab type: toxicology;Priority market: CA,tier-A;lab;rule-intercept
110,70,A,High,LA DOT DRUG TESTING CENTER LLC,Clinical Medical Laboratory,1255084935,DAYTON,OH,454022957,,,,,,,,,,,,https://www.bing.com/search?q=%22LA%20DOT%20DRUG%20TESTING%20CENTER%22%20site%3Alinkedin.com/company%20people%20employees,Tier A | RuleScore 70 | Lab Type: Clinical Medical Laboratory | Signals: Tier A lab type: drug testing;Priority market: OH,tier-A;lab;rule-intercept
110,70,A,High,"LAB GENOMICS, LLC",Clinical Medical Laboratory,1134889470,BRIGHTON,MI,481162204,,,,,,,,,,,,https://www.bing.com/search?q=%22LAB%20GENOMICS%22%20site%3Alinkedin.com/company%20people%20employees,Tier A | RuleScore 70 | Lab Type: Clinical Medical Laboratory | Signals: Tier A lab type: genomics;Priority market: MI,tier-A;lab;rule-intercept
110,70,A,High,LEHIGH VALLEY TOXICOLOGY LLC,Clinical Medical Laboratory,1265846695,BETHLEHEM,PA,180208922,,,,,,,,,,,,https://www.bing.com/search?q=%22LEHIGH%20VALLEY%20TOXICOLOGY%22%20site%3Alinkedin.com/company%20people%20employees,Tier A | RuleScore 70 | Lab Type: Clinical Medical Laboratory | Signals: Tier A lab type: toxicology;Priority market: PA,tier-A;lab;rule-intercept
110,70,A,High,LPS TOXICOLOGY LABORATORIES LLC,Clinical Medical Laboratory,1043575103,NEW ORLEANS,LA,70112,,,,,,,,,,,,https://www.bing.com/search?q=%22LPS%20TOXICOLOGY%22%20site%3Alinkedin.com/company%20people%20employees,Tier A | RuleScore 70 | Lab Type: Clinical Medical Laboratory | Signals: Tier A lab type: toxicology;Priority market: LA,tier-A;lab;rule-intercept
110,70,A,High,MEDICAL GENETICS LAB,Clinical Medical Laboratory,1023229713,MOUNTAIN HOME,TN,37684,,,,,,,,,,,,https://www.bing.com/search?q=%22MEDICAL%20GENETICS%22%20site%3Alinkedin.com/company%20people%20employees,Tier A | RuleScore 70 | Lab Type: Clinical Medical Laboratory | Signals: Tier A lab type: genetics;Priority market: TN,tier-A;lab;rule-intercept
110,70,A,High,MEDLABS GENETICS,Clinical Medical Laboratory,1871920645,CEDAR KNOLLS,NJ,079272003,,,,,,,,,,,,https://www.bing.com/search?q=%22MEDLABS%20GENETICS%22%20site%3Alinkedin.com/company%20people%20employees,Tier A | RuleScore 70 | Lab Type: Clinical Medical Laboratory | Signals: Tier A lab type: genetics;Priority market: NJ,tier-A;lab;rule-intercept
110,70,A,High,"METAMARK GENETICS, INC",Clinical Medical Laboratory,1043631377,CAMBRIDGE,MA,021421200,,,,,,,,,,,,https://www.bing.com/search?q=%22METAMARK%20GENETICS%22%20site%3Alinkedin.com/company%20people%20employees,Tier A | RuleScore 70 | Lab Type: Clinical Medical Laboratory | Signals: Tier A lab type: genetics;Priority market: MA,tier-A;lab;rule-intercept
110,70,A,High,"METAMARK GENETICS, INC",Clinical Medical Laboratory,1447774641,DURHAM,NC,27709,,,,,,,,,,,,https://www.bing.com/search?q=%22METAMARK%20GENETICS%22%20site%3Alinkedin.com/company%20people%20employees,Tier A | RuleScore 70 | Lab Type: Clinical Medical Laboratory | Signals: Tier A lab type: genetics;Priority market: NC,tier-A;lab;rule-intercept
110,70,A,High,MICHIGAN URINE TOXICOLOGY AND RESEARCH LLC,Clinical Medical Laboratory,1790242725,SAGINAW,MI,486032226,,,,,,,,,,,,https://www.bing.com/search?q=%22MICHIGAN%20URINE%20TOXICOLOGY%20AND%20RESEARCH%22%20site%3Alinkedin.com/company%20people%20employees,Tier A | RuleScore 70 | Lab Type: Clinical Medical Laboratory | Signals: Tier A lab type: toxicology;Priority market: MI,tier-A;lab;rule-intercept
110,70,A,High,"MIDWEST TOXICOLOGY GROUP, LLC",Clinical Medical Laboratory,1790179422,CREVE COEUR,MO,631417138,,,,,,,,,,,,https://www.bing.com/search?q=%22MIDWEST%20TOXICOLOGY%22%20site%3Alinkedin.com/company%20people%20employees,Tier A | RuleScore 70 | Lab Type: Clinical Medical Laboratory | Signals: Tier A lab type: toxicology;Priority market: MO,tier-A;lab;rule-intercept
110,70,A,High,"NATIONAL TOXICOLOGY SERVICES, INC",Clinical Medical Laboratory,1902834583,WOBURN,MA,018011865,,,,,,,,,,,,https://www.bing.com/search?q=%22NATIONAL%20TOXICOLOGY%22%20site%3Alinkedin.com/company%20people%20employees,Tier A | RuleScore 70 | Lab Type: Clinical Medical Laboratory | Signals: Tier A lab type: toxicology;Priority market: MA,tier-A;lab;rule-intercept
110,70,A,High,"NEW AMSTERDAM GENOMICS, INC.",Clinical Medical Laboratory,1093111312,NEW YORK,NY,100097925,,,,,,,,,,,,https://www.bing.com/search?q=%22NEW%20AMSTERDAM%20GENOMICS%22%20site%3Alinkedin.com/company%20people%20employees,Tier A | RuleScore 70 | Lab Type: Clinical Medical Laboratory | Signals: Tier A lab type: genomics;Priority market: NY,tier-A;lab;rule-intercept
110,70,A,High,NORTH AMERICAN TOXICOLOGY,Clinical Medical Laboratory,1982025193,MANDEVILLE,LA,704717798,,,,,,,,,,,,https://www.bing.com/search?q=%22NORTH%20AMERICAN%20TOXICOLOGY%22%20site%3Alinkedin.com/company%20people%20employees,Tier A | RuleScore 70 | Lab Type: Clinical Medical Laboratory | Signals: Tier A lab type: toxicology;Priority market: LA,tier-A;lab;rule-intercept
110,70,A,High,NUCLEUS GENOMICS INC.,Clinical Medical Laboratory,1912873266,NEW YORK,NY,10012,,,,,,,,,,,,https://www.bing.com/search?q=%22NUCLEUS%20GENOMICS%22%20site%3Alinkedin.com/company%20people%20employees,Tier A | RuleScore 70 | Lab Type: Clinical Medical Laboratory | Signals: Tier A lab type: genomics;Priority market: NY,tier-A;lab;rule-intercept
110,70,A,High,OPUS GENOMICS,Clinical Medical Laboratory,1871296673,PLYMOUTH MEETING,PA,194621143,,,,,,,,,,,,https://www.bing.com/search?q=%22OPUS%20GENOMICS%22%20site%3Alinkedin.com/company%20people%20employees,Tier A | RuleScore 70 | Lab Type: Clinical Medical Laboratory | Signals: Tier A lab type: genomics;Priority market: PA,tier-A;lab;rule-intercept
110,70,A,High,ORAL FLUID SERVICES OF PA,Clinical Medical Laboratory,1598038226,GREENSBURG,PA,156019183,,,,,,,,,,,,https://www.bing.com/search?q=%22ORAL%20FLUID%20SERVICES%20OF%22%20site%3Alinkedin.com/company%20people%20employees,Tier A | RuleScore 70 | Lab Type: Clinical Medical Laboratory | Signals: Tier A lab type: oral fluid;Priority market: PA,tier-A;lab;rule-intercept
110,70,A,High,PARABASE GENOMICS INC,Clinical Medical Laboratory,1033454715,BOSTON,MA,022102377,,,,,,,,,,,,https://www.bing.com/search?q=%22PARABASE%20GENOMICS%22%20site%3Alinkedin.com/company%20people%20employees,Tier A | RuleScore 70 | Lab Type: Clinical Medical Laboratory | Signals: Tier A lab type: genomics;Priority market: MA,tier-A;lab;rule-intercept
110,70,A,High,PERSONALIZED GENETICS LLC,Clinical Medical Laboratory,1336598325,PITTSBURGH,PA,152321700,,,,,,,,,,,,https://www.bing.com/search?q=%22PERSONALIZED%20GENETICS%22%20site%3Alinkedin.com/company%20people%20employees,Tier A | RuleScore 70 | Lab Type: Clinical Medical Laboratory | Signals: Tier A lab type: genetics;Priority market: PA,tier-A;lab;rule-intercept
110,70,A,High,"PHYSICIANS TOXICOLOGY LABORATORY, LLC",Clinical Medical Laboratory,1508169145,KALAMAZOO,MI,49001,,,,,,,,,,,,https://www.bing.com/search?q=%22PHYSICIANS%20TOXICOLOGY%22%20site%3Alinkedin.com/company%20people%20employees,Tier A | RuleScore 70 | Lab Type: Clinical Medical Laboratory | Signals: Tier A lab type: toxicology;Priority market: MI,tier-A;lab;rule-intercept
110,70,A,High,POTOMAC TOXICOLOGY LABORATORIES INC,Clinical Medical Laboratory,1992697353,FREDERICK,MD,217015901,,,,,,,,,,,,https://www.bing.com/search?q=%22POTOMAC%20TOXICOLOGY%22%20site%3Alinkedin.com/company%20people%20employees,Tier A | RuleScore 70 | Lab Type: Clinical Medical Laboratory | Signals: Tier A lab type: toxicology;Priority market: MD,tier-A;lab;rule-intercept
110,70,A,High,PRAXIS GENOMICS LLC,Clinical Medical Laboratory,1801483383,ATLANTA,GA,303285684,,,,,,,,,,,,https://www.bing.com/search?q=%22PRAXIS%20GENOMICS%22%20site%3Alinkedin.com/company%20people%20employees,Tier A | RuleScore 70 | Lab Type: Clinical Medical Laboratory | Signals: Tier A lab type: genomics;Priority market: GA,tier-A;lab;rule-intercept
110,70,A,High,PREMIERE TOXICOLOGY LAB LLC,Clinical Medical Laboratory,1356834352,YOUNGSTOWN,OH,445124226,,,,,,,,,,,,https://www.bing.com/search?q=%22PREMIERE%20TOXICOLOGY%22%20site%3Alinkedin.com/company%20people%20employees,Tier A | RuleScore 70 | Lab Type: Clinical Medical Laboratory | Signals: Tier A lab type: toxicology;Priority market: OH,tier-A;lab;rule-intercept
110,70,A,High,PRIORITY TOXICOLOGY LABORATORIES,Clinical Medical Laboratory,1740639434,UNION CITY,GA,302912047,,,,,,,,,,,,https://www.bing.com/search?q=%22PRIORITY%20TOXICOLOGY%22%20site%3Alinkedin.com/company%20people%20employees,Tier A | RuleScore 70 | Lab Type: Clinical Medical Laboratory | Signals: Tier A lab type: toxicology;Priority market: GA,tier-A;lab;rule-intercept
110,70,A,High,"PRIORITY TOXICOLOGY LABORATORIES, LLC",Clinical Medical Laboratory,1518324300,UNION CITY,GA,302912047,,,,,,,,,,,,https://www.bing.com/search?q=%22PRIORITY%20TOXICOLOGY%22%20site%3Alinkedin.com/company%20people%20employees,Tier A | RuleScore 70 | Lab Type: Clinical Medical Laboratory | Signals: Tier A lab type: toxicology;Priority market: GA,tier-A;lab;rule-intercept
110,70,A,High,"QUALITOX LABORATORIES, LLC",Clinical Medical Laboratory,1972971265,PITTSBURGH,PA,152751005,,,,,,,,,,,,https://www.bing.com/search?q=%22QUALITOX%22%20site%3Alinkedin.com/company%20people%20employees,Tier A | RuleScore 70 | Lab Type: Clinical Medical Laboratory | Signals: Tier A lab type: tox lab;Priority market: PA,tier-A;lab;rule-intercept
110,70,A,High,"RAZOR GENOMICS, INC",Clinical Medical Laboratory,1487298162,NASHVILLE,TN,372033821,,,,,,,,,,,,https://www.bing.com/search?q=%22RAZOR%20GENOMICS%22%20site%3Alinkedin.com/company%20people%20employees,Tier A | RuleScore 70 | Lab Type: Clinical Medical Laboratory | Signals: Tier A lab type: genomics;Priority market: TN,tier-A;lab;rule-intercept
110,70,A,High,"REALTOX LABS, LLC",Clinical Medical Laboratory,1235533779,REISTERSTOWN,MD,211361230,,,,,,,,,,,,https://www.bing.com/search?q=%22REALTOX%22%20site%3Alinkedin.com/company%20people%20employees,Tier A | RuleScore 70 | Lab Type: Clinical Medical Laboratory | Signals: Tier A lab type: tox lab;Priority market: MD,tier-A;lab;rule-intercept
110,70,A,High,"ROSETTA GENOMICS, INC.",Clinical Medical Laboratory,1962641563,PHILADELPHIA,PA,191045504,,,,,,,,,,,,https://www.bing.com/search?q=%22ROSETTA%20GENOMICS%22%20site%3Alinkedin.com/company%20people%20employees,Tier A | RuleScore 70 | Lab Type: Clinical Medical Laboratory | Signals: Tier A lab type: genomics;Priority market: PA,tier-A;lab;rule-intercept
110,70,A,High,SELAH GENOMICS INC,Clinical Medical Laboratory,1003104597,GREENVILLE,SC,296013762,,,,,,,,,,,,https://www.bing.com/search?q=%22SELAH%20GENOMICS%22%20site%3Alinkedin.com/company%20people%20employees,Tier A | RuleScore 70 | Lab Type: Clinical Medical Laboratory | Signals: Tier A lab type: genomics;Priority market: SC,tier-A;lab;rule-intercept
110,70,A,High,SELECT TOXICOLOGY LAB STL LLC,Clinical Medical Laboratory,1952790206,MANNING,SC,291029242,,,,,,,,,,,,https://www.bing.com/search?q=%22SELECT%20TOXICOLOGY%20LAB%20STL%22%20site%3Alinkedin.com/company%20people%20employees,Tier A | RuleScore 70 | Lab Type: Clinical Medical Laboratory | Signals: Tier A lab type: toxicology;Priority market: SC,tier-A;lab;rule-intercept
110,70,A,High,"SELECT TOXICOLOGY LABS, LLC",Clinical Medical Laboratory,1821427097,MANNING,SC,291029242,,,,,,,,,,,,https://www.bing.com/search?q=%22SELECT%20TOXICOLOGY%22%20site%3Alinkedin.com/company%20people%20employees,Tier A | RuleScore 70 | Lab Type: Clinical Medical Laboratory | Signals: Tier A lab type: toxicology;Priority market: SC,tier-A;lab;rule-intercept
110,70,A,High,SHADY GROVE CENTER FOR PREIMPLANTATION GENETICS,Clinical Medical Laboratory,1316069115,ROCKVILLE,MD,208506352,,,,,,,,,,,,https://www.bing.com/search?q=%22SHADY%20GROVE%20CENTER%20FOR%20PREIMPLANTATION%20GENETICS%22%20site%3Alinkedin.com/company%20people%20employees,Tier A | RuleScore 70 | Lab Type: Clinical Medical Laboratory | Signals: Tier A lab type: genetics;Priority market: MD,tier-A;lab;rule-intercept
110,70,A,High,"STAT TOXICOLOGY, LLC",Clinical Medical Laboratory,1346679370,PORTAGE,MI,490021518,,,,,,,,,,,,https://www.bing.com/search?q=%22STAT%20TOXICOLOGY%22%20site%3Alinkedin.com/company%20people%20employees,Tier A | RuleScore 70 | Lab Type: Clinical Medical Laboratory | Signals: Tier A lab type: toxicology;Priority market: MI,tier-A;lab;rule-intercept
110,70,A,High,"STEELFUSION CLINICAL TOXICOLOGY LABORATORY, LLC",Clinical Medical Laboratory,1538576376,MONESSEN,PA,150621058,,,,,,,,,,,,https://www.bing.com/search?q=%22STEELFUSION%20CLINICAL%20TOXICOLOGY%22%20site%3Alinkedin.com/company%20people%20employees,Tier A | RuleScore 70 | Lab Type: Clinical Medical Laboratory | Signals: Tier A lab type: toxicology;Priority market: PA,tier-A;lab;rule-intercept
110,70,A,High,TOTAL TOXICOLOGY LABS LLC,Clinical Medical Laboratory,1104229541,SOUTHFIELD,MI,480752740,,,,,,,,,,,,https://www.bing.com/search?q=%22TOTAL%20TOXICOLOGY%22%20site%3Alinkedin.com/company%20people%20employees,Tier A | RuleScore 70 | Lab Type: Clinical Medical Laboratory | Signals: Tier A lab type: toxicology;Priority market: MI,tier-A;lab;rule-intercept
110,70,A,High,TOXICOLOGY X DIAGNOSTICS SCREENINGS,pathology,1518688993,NEWBERRY,SC,291083186,(803) 609-6678,DARNASHA HOUSEAL,Owner,,,,,,,,,https://www.bing.com/search?q=%22TOXICOLOGY%20X%20DIAGNOSTICS%20SCREENINGS%22%20site%3Alinkedin.com/company%20people%20employees,"Tier A | RuleScore 70 | Lab Type: Pathology, Clinical Laboratory Director, Non-physician | Signals: Tier A lab type: toxicology;Priority market: SC",tier-A;lab;rule-intercept
110,70,A,High,TRUETOX LABORATORIES LLC,Clinical Medical Laboratory,1326386939,GARDEN CITY PARK,NY,11040,,,,,,,,,,,,https://www.bing.com/search?q=%22TRUETOX%22%20site%3Alinkedin.com/company%20people%20employees,Tier A | RuleScore 70 | Lab Type: Clinical Medical Laboratory | Signals: Tier A lab type: tox lab;Priority market: NY,tier-A;lab;rule-intercept
110,70,A,High,TRUEWAY DRUG TESTING & COMPLIANCE,Clinical Medical Laboratory,1972459592,LAFAYETTE,LA,705077025,,,,,,,,,,,,https://www.bing.com/search?q=%22TRUEWAY%20DRUG%20TESTING%20%26%20COMPLIANCE%22%20site%3Alinkedin.com/company%20people%20employees,Tier A | RuleScore 70 | Lab Type: Clinical Medical Laboratory | Signals: Tier A lab type: drug testing;Priority market: LA,tier-A;lab;rule-intercept
110,70,A,High,"USA PATHOLOGY AND TOXICOLOGY LABORATORIES, PLLC",Clinical Medical Laboratory,1134526536,SOUTHFIELD,MI,480752738,,,,,,,,,,,,https://www.bing.com/search?q=%22USA%20PATHOLOGY%20AND%20TOXICOLOGY%22%20site%3Alinkedin.com/company%20people%20employees,Tier A | RuleScore 70 | Lab Type: Clinical Medical Laboratory | Signals: Tier A lab type: toxicology;Priority market: MI,tier-A;lab;rule-intercept
110,70,A,High,VERITAS GENETICS INC.,Clinical Medical Laboratory,1336749670,DANVERS,MA,019231194,,,,,,,,,,,,https://www.bing.com/search?q=%22VERITAS%20GENETICS%22%20site%3Alinkedin.com/company%20people%20employees,Tier A | RuleScore 70 | Lab Type: Clinical Medical Laboratory | Signals: Tier A lab type: genetics;Priority market: MA,tier-A;lab;rule-intercept
110,70,A,High,WEILL CORNELL MEDICAL COLLEGE-MALE INFERTILITY GENETICS LABORATORY,Clinical Medical Laboratory,1326281288,NEW YORK,NY,100654870,,,,,,,,,,,,https://www.bing.com/search?q=%22WEILL%20CORNELL%20MEDICAL%20COLLEGE-MALE%20INFERTILITY%20GENETICS%22%20site%3Alinkedin.com/company%20people%20employees,Tier A | RuleScore 70 | Lab Type: Clinical Medical Laboratory | Signals: Tier A lab type: genetics;Priority market: NY,tier-A;lab;rule-intercept
110,70,A,High,WORLD WIDE TOXICOLOGY LLC,Clinical Medical Laboratory,1992220057,MONROE,MI,481624393,,,,,,,,,,,,https://www.bing.com/search?q=%22WORLD%20WIDE%20TOXICOLOGY%22%20site%3Alinkedin.com/company%20people%20employees,Tier A | RuleScore 70 | Lab Type: Clinical Medical Laboratory | Signals: Tier A lab type: toxicology;Priority market: MI,tier-A;lab;rule-intercept
110,70,A,Low,"EUCYT LABORATORIES, L.L.C.",pathology,1235732918,LAS VEGAS,NV,891182355,(214) 493-1641,AARON COATS,CFO,,,,,,,,,https://www.bing.com/search?q=%22EUCYT%22%20site%3Alinkedin.com/company%20people%20employees,"Tier A | RuleScore 70 | Lab Type: Pathology, Molecular Genetic Pathology | Signals: Tier A lab type: molecular;Priority market: NV",tier-A;lab;rule-intercept
110,70,A,Low,LUMINOUS PATHOLOGY ASSOCIATES LLC,pathology,1114550175,BELLAIRE,TX,774012402,(713) 542-8592,KEVIN ROSENBLATT,Physician Member,,,,,,,,,https://www.bing.com/search?q=%22LUMINOUS%20PATHOLOGY%20ASSOCIATES%22%20site%3Alinkedin.com/company%20people%20employees,"Tier A | RuleScore 70 | Lab Type: Pathology, Molecular Genetic Pathology | Signals: Tier A lab type: molecular;Priority market: TX",tier-A;lab;rule-intercept
110,70,A,Low,SPARTAN GENETIX LLC,pathology,1730778291,LANSING,MI,489103716,(617) 785-0487,RAJAN DEWAR,President,,,,,,,,,https://www.bing.com/search?q=%22SPARTAN%20GENETIX%22%20site%3Alinkedin.com/company%20people%20employees,"Tier A | RuleScore 70 | Lab Type: Pathology, Molecular Genetic Pathology | Signals: Tier A lab type: molecular;Priority market: MI",tier-A;lab;rule-intercept
80,80,UNKNOWN,Low,MED-LINE MEDICAL GROUP,laboratory,1538058359,LOMA LINDA,CA,,(617) 299-6398,N AGRAWAL,Manager,,,,,,,,,https://www.bing.com/search?q=%22MED-LINE%22%20site%3Alinkedin.com/company%20people%20employees,Auto-discovered high-priority lead: NPI organization registry match | Score: 80,"daily_runner,nationwide,quality_tier=review,need_signal=yes,need_signal_source=direct"
80,80,UNKNOWN,Low,"MED-LINE, LLC",laboratory,1447143482,OKLAHOMA CITY,OK,,(617) 299-6398,N AGRAWAL,Employee,,,,,,,,,https://www.bing.com/search?q=%22MED-LINE%22%20site%3Alinkedin.com/company%20people%20employees,Auto-discovered high-priority lead: NPI organization registry match | Score: 80,"daily_runner,nationwide,quality_tier=review,need_signal=yes,need_signal_source=direct"
80,80,C,Low,PA HEALTH & RESEARCH CLINIC LLC,laboratory,1528934064,MIAMI,FL,,(786) 857-1902,YARIELYS ACOSTA,Site Director,,,,,,,,,https://www.bing.com/search?q=%22PA%20HEALTH%20%26%20RESEARCH%22%20site%3Alinkedin.com/company%20people%20employees,Auto-discovered high-priority lead: NPI organization registry match | Score: 80,"daily_runner,nationwide,quality_tier=review,need_signal=yes,need_signal_source=direct"
80,80,UNKNOWN,Low,QUALITY PATIENT CENTERED SERVICES LLC,laboratory,1326881954,MIDDLETOWN,PA,,(570) 971-1994,DEBBIE SAMPSON,Business owner,,,,,,,,,https://www.bing.com/search?q=%22QUALITY%20PATIENT%20CENTERED%22%20site%3Alinkedin.com/company%20people%20employees,Auto-discovered high-priority lead: NPI organization registry match | Score: 80,"daily_runner,nationwide,quality_tier=review,need_signal=yes,need_signal_source=direct"
75,75,UNKNOWN,Low,24LABS LLC,laboratory,1760258420,HOUSTON,TX,,(713) 820-1923,KARLA BEKARDI,OWNER,,,,,https://www.linkedin.com/in/aribkhan,https://www.linkedin.com/in/roshankohli,,,https://www.bing.com/search?q=%2224LABS%22%20site%3Alinkedin.com/company%20people%20employees,Auto-discovered high-priority lead: NPI organization registry match | Score: 75,"daily_runner,nationwide,quality_tier=review,need_signal=yes,need_signal_source=direct"
